Metric,Value
E-Cluster HW active frequency,1205 MHz
P-Cluster HW active frequency,824 MHz
CPU Power,203 mW
GPU Power,15 mW
GPU HW active frequency,444 MHz
GPU Power,15 mW
E-Cluster HW active frequency,1238 MHz
P-Cluster HW active frequency,2664 MHz
CPU Power,4687 mW
GPU Power,8 mW
GPU HW active frequency,444 MHz
GPU Power,8 mW
E-Cluster HW active frequency,1287 MHz
P-Cluster HW active frequency,2598 MHz
CPU Power,5147 mW
GPU Power,15 mW
GPU HW active frequency,444 MHz
GPU Power,15 mW
E-Cluster HW active frequency,1300 MHz
P-Cluster HW active frequency,2853 MHz
CPU Power,4129 mW
GPU Power,3315 mW
GPU HW active frequency,1320 MHz
GPU Power,3315 mW
E-Cluster HW active frequency,1125 MHz
P-Cluster HW active frequency,1532 MHz
CPU Power,1221 mW
GPU Power,7509 mW
GPU HW active frequency,1398 MHz
GPU Power,7509 mW
E-Cluster HW active frequency,1522 MHz
P-Cluster HW active frequency,1428 MHz
CPU Power,1770 mW
GPU Power,7541 mW
GPU HW active frequency,1398 MHz
GPU Power,7604 mW
E-Cluster HW active frequency,1026 MHz
P-Cluster HW active frequency,1503 MHz
CPU Power,943 mW
GPU Power,7893 mW
GPU HW active frequency,1398 MHz
GPU Power,7831 mW
E-Cluster HW active frequency,1057 MHz
P-Cluster HW active frequency,1301 MHz
CPU Power,927 mW
GPU Power,7789 mW
GPU HW active frequency,1398 MHz
GPU Power,7789 mW
E-Cluster HW active frequency,970 MHz
P-Cluster HW active frequency,1486 MHz
CPU Power,847 mW
GPU Power,7770 mW
GPU HW active frequency,1398 MHz
GPU Power,7770 mW
E-Cluster HW active frequency,950 MHz
P-Cluster HW active frequency,1470 MHz
CPU Power,781 mW
GPU Power,7980 mW
GPU HW active frequency,1398 MHz
GPU Power,7980 mW
E-Cluster HW active frequency,984 MHz
P-Cluster HW active frequency,1507 MHz
CPU Power,956 mW
GPU Power,7945 mW
GPU HW active frequency,1398 MHz
GPU Power,7945 mW
E-Cluster HW active frequency,953 MHz
P-Cluster HW active frequency,1515 MHz
CPU Power,861 mW
GPU Power,7910 mW
GPU HW active frequency,1398 MHz
GPU Power,7910 mW
E-Cluster HW active frequency,961 MHz
P-Cluster HW active frequency,1315 MHz
CPU Power,766 mW
GPU Power,8148 mW
GPU HW active frequency,1398 MHz
GPU Power,8148 mW
E-Cluster HW active frequency,1104 MHz
P-Cluster HW active frequency,1162 MHz
CPU Power,800 mW
GPU Power,7879 mW
GPU HW active frequency,1398 MHz
GPU Power,7879 mW
E-Cluster HW active frequency,1033 MHz
P-Cluster HW active frequency,1023 MHz
CPU Power,575 mW
GPU Power,8163 mW
GPU HW active frequency,1398 MHz
GPU Power,8163 mW
E-Cluster HW active frequency,1023 MHz
P-Cluster HW active frequency,1110 MHz
CPU Power,629 mW
GPU Power,7966 mW
GPU HW active frequency,1398 MHz
GPU Power,8035 mW
E-Cluster HW active frequency,1002 MHz
P-Cluster HW active frequency,1204 MHz
CPU Power,699 mW
GPU Power,8051 mW
GPU HW active frequency,1398 MHz
GPU Power,7982 mW
E-Cluster HW active frequency,984 MHz
P-Cluster HW active frequency,1060 MHz
CPU Power,620 mW
GPU Power,8189 mW
GPU HW active frequency,1398 MHz
GPU Power,8257 mW
E-Cluster HW active frequency,1057 MHz
P-Cluster HW active frequency,1041 MHz
CPU Power,632 mW
GPU Power,8084 mW
GPU HW active frequency,1398 MHz
GPU Power,8016 mW
E-Cluster HW active frequency,1043 MHz
P-Cluster HW active frequency,1044 MHz
CPU Power,595 mW
GPU Power,8040 mW
GPU HW active frequency,1398 MHz
GPU Power,8040 mW
E-Cluster HW active frequency,1109 MHz
P-Cluster HW active frequency,1044 MHz
CPU Power,701 mW
GPU Power,8317 mW
GPU HW active frequency,1398 MHz
GPU Power,8317 mW
E-Cluster HW active frequency,1132 MHz
P-Cluster HW active frequency,1478 MHz
CPU Power,1148 mW
GPU Power,8060 mW
GPU HW active frequency,1398 MHz
GPU Power,8060 mW
E-Cluster HW active frequency,1017 MHz
P-Cluster HW active frequency,1304 MHz
CPU Power,956 mW
GPU Power,8348 mW
GPU HW active frequency,1398 MHz
GPU Power,8348 mW
E-Cluster HW active frequency,1004 MHz
P-Cluster HW active frequency,1279 MHz
CPU Power,850 mW
GPU Power,8140 mW
GPU HW active frequency,1398 MHz
GPU Power,8140 mW
E-Cluster HW active frequency,949 MHz
P-Cluster HW active frequency,1516 MHz
CPU Power,865 mW
GPU Power,8193 mW
GPU HW active frequency,1398 MHz
GPU Power,8273 mW
E-Cluster HW active frequency,972 MHz
P-Cluster HW active frequency,1419 MHz
CPU Power,844 mW
GPU Power,8438 mW
GPU HW active frequency,1398 MHz
GPU Power,8358 mW
E-Cluster HW active frequency,951 MHz
P-Cluster HW active frequency,1474 MHz
CPU Power,867 mW
GPU Power,8220 mW
GPU HW active frequency,1398 MHz
GPU Power,8220 mW
E-Cluster HW active frequency,987 MHz
P-Cluster HW active frequency,1380 MHz
CPU Power,807 mW
GPU Power,8237 mW
GPU HW active frequency,1398 MHz
GPU Power,8237 mW
E-Cluster HW active frequency,957 MHz
P-Cluster HW active frequency,1385 MHz
CPU Power,768 mW
GPU Power,8494 mW
GPU HW active frequency,1398 MHz
GPU Power,8494 mW
E-Cluster HW active frequency,952 MHz
P-Cluster HW active frequency,1555 MHz
CPU Power,875 mW
GPU Power,8274 mW
GPU HW active frequency,1398 MHz
GPU Power,8274 mW
E-Cluster HW active frequency,1007 MHz
P-Cluster HW active frequency,1486 MHz
CPU Power,902 mW
GPU Power,8425 mW
GPU HW active frequency,1398 MHz
GPU Power,8425 mW
E-Cluster HW active frequency,952 MHz
P-Cluster HW active frequency,1463 MHz
CPU Power,868 mW
GPU Power,8344 mW
GPU HW active frequency,1398 MHz
GPU Power,8424 mW
E-Cluster HW active frequency,987 MHz
P-Cluster HW active frequency,1364 MHz
CPU Power,800 mW
GPU Power,8385 mW
GPU HW active frequency,1398 MHz
GPU Power,8305 mW
E-Cluster HW active frequency,1052 MHz
P-Cluster HW active frequency,1022 MHz
CPU Power,593 mW
GPU Power,8454 mW
GPU HW active frequency,1398 MHz
GPU Power,8454 mW
E-Cluster HW active frequency,954 MHz
P-Cluster HW active frequency,1496 MHz
CPU Power,880 mW
GPU Power,8411 mW
GPU HW active frequency,1398 MHz
GPU Power,8411 mW
E-Cluster HW active frequency,952 MHz
P-Cluster HW active frequency,1555 MHz
CPU Power,902 mW
GPU Power,8357 mW
GPU HW active frequency,1398 MHz
GPU Power,8357 mW
E-Cluster HW active frequency,1004 MHz
P-Cluster HW active frequency,1129 MHz
CPU Power,645 mW
GPU Power,8498 mW
GPU HW active frequency,1398 MHz
GPU Power,8498 mW
E-Cluster HW active frequency,996 MHz
P-Cluster HW active frequency,1797 MHz
CPU Power,1343 mW
GPU Power,8458 mW
GPU HW active frequency,1398 MHz
GPU Power,8458 mW
E-Cluster HW active frequency,1009 MHz
P-Cluster HW active frequency,1425 MHz
CPU Power,893 mW
GPU Power,8472 mW
GPU HW active frequency,1398 MHz
GPU Power,8472 mW
E-Cluster HW active frequency,1034 MHz
P-Cluster HW active frequency,1038 MHz
CPU Power,629 mW
GPU Power,8469 mW
GPU HW active frequency,1398 MHz
GPU Power,8533 mW
E-Cluster HW active frequency,1047 MHz
P-Cluster HW active frequency,1065 MHz
CPU Power,615 mW
GPU Power,8427 mW
GPU HW active frequency,1398 MHz
GPU Power,8364 mW
E-Cluster HW active frequency,1032 MHz
P-Cluster HW active frequency,1021 MHz
CPU Power,593 mW
GPU Power,8544 mW
GPU HW active frequency,1398 MHz
GPU Power,8544 mW
E-Cluster HW active frequency,953 MHz
P-Cluster HW active frequency,1530 MHz
CPU Power,910 mW
GPU Power,8511 mW
GPU HW active frequency,1398 MHz
GPU Power,8511 mW
E-Cluster HW active frequency,970 MHz
P-Cluster HW active frequency,1594 MHz
CPU Power,901 mW
GPU Power,8446 mW
GPU HW active frequency,1398 MHz
GPU Power,8446 mW
E-Cluster HW active frequency,1239 MHz
P-Cluster HW active frequency,1343 MHz
CPU Power,908 mW
GPU Power,8611 mW
GPU HW active frequency,1398 MHz
GPU Power,8611 mW
E-Cluster HW active frequency,1007 MHz
P-Cluster HW active frequency,1260 MHz
CPU Power,759 mW
GPU Power,8558 mW
GPU HW active frequency,1398 MHz
GPU Power,8558 mW
E-Cluster HW active frequency,948 MHz
P-Cluster HW active frequency,1484 MHz
CPU Power,855 mW
GPU Power,8543 mW
GPU HW active frequency,1398 MHz
GPU Power,8543 mW
E-Cluster HW active frequency,958 MHz
P-Cluster HW active frequency,1436 MHz
CPU Power,886 mW
GPU Power,8636 mW
GPU HW active frequency,1398 MHz
GPU Power,8636 mW
E-Cluster HW active frequency,949 MHz
P-Cluster HW active frequency,1520 MHz
CPU Power,880 mW
GPU Power,8596 mW
GPU HW active frequency,1398 MHz
GPU Power,8596 mW
E-Cluster HW active frequency,999 MHz
P-Cluster HW active frequency,1414 MHz
CPU Power,829 mW
GPU Power,8713 mW
GPU HW active frequency,1398 MHz
GPU Power,8713 mW
E-Cluster HW active frequency,1037 MHz
P-Cluster HW active frequency,1125 MHz
CPU Power,671 mW
GPU Power,8596 mW
GPU HW active frequency,1398 MHz
GPU Power,8596 mW
E-Cluster HW active frequency,1053 MHz
P-Cluster HW active frequency,1133 MHz
CPU Power,716 mW
GPU Power,8495 mW
GPU HW active frequency,1398 MHz
GPU Power,8495 mW
E-Cluster HW active frequency,949 MHz
P-Cluster HW active frequency,1439 MHz
CPU Power,837 mW
GPU Power,8725 mW
GPU HW active frequency,1398 MHz
GPU Power,8725 mW
E-Cluster HW active frequency,960 MHz
P-Cluster HW active frequency,1542 MHz
CPU Power,877 mW
GPU Power,8657 mW
GPU HW active frequency,1398 MHz
GPU Power,8657 mW
E-Cluster HW active frequency,1003 MHz
P-Cluster HW active frequency,1291 MHz
CPU Power,825 mW
GPU Power,8582 mW
GPU HW active frequency,1398 MHz
GPU Power,8582 mW
E-Cluster HW active frequency,1028 MHz
P-Cluster HW active frequency,1097 MHz
CPU Power,638 mW
GPU Power,8726 mW
GPU HW active frequency,1398 MHz
GPU Power,8808 mW
E-Cluster HW active frequency,1091 MHz
P-Cluster HW active frequency,1032 MHz
CPU Power,593 mW
GPU Power,8628 mW
GPU HW active frequency,1398 MHz
GPU Power,8546 mW
E-Cluster HW active frequency,973 MHz
P-Cluster HW active frequency,1381 MHz
CPU Power,825 mW
GPU Power,8739 mW
GPU HW active frequency,1398 MHz
GPU Power,8801 mW
E-Cluster HW active frequency,996 MHz
P-Cluster HW active frequency,1260 MHz
CPU Power,767 mW
GPU Power,8677 mW
GPU HW active frequency,1398 MHz
GPU Power,8616 mW
E-Cluster HW active frequency,971 MHz
P-Cluster HW active frequency,1528 MHz
CPU Power,934 mW
GPU Power,8647 mW
GPU HW active frequency,1398 MHz
GPU Power,8647 mW
E-Cluster HW active frequency,1013 MHz
P-Cluster HW active frequency,1034 MHz
CPU Power,605 mW
GPU Power,8861 mW
GPU HW active frequency,1398 MHz
GPU Power,8861 mW
E-Cluster HW active frequency,967 MHz
P-Cluster HW active frequency,1367 MHz
CPU Power,766 mW
GPU Power,8610 mW
GPU HW active frequency,1398 MHz
GPU Power,8610 mW
E-Cluster HW active frequency,973 MHz
P-Cluster HW active frequency,1247 MHz
CPU Power,767 mW
GPU Power,8642 mW
GPU HW active frequency,1398 MHz
GPU Power,8642 mW
E-Cluster HW active frequency,1072 MHz
P-Cluster HW active frequency,1048 MHz
CPU Power,708 mW
GPU Power,8829 mW
GPU HW active frequency,1395 MHz
GPU Power,8829 mW
E-Cluster HW active frequency,971 MHz
P-Cluster HW active frequency,1416 MHz
CPU Power,836 mW
GPU Power,8545 mW
GPU HW active frequency,1393 MHz
GPU Power,8545 mW
E-Cluster HW active frequency,951 MHz
P-Cluster HW active frequency,1470 MHz
CPU Power,834 mW
GPU Power,8653 mW
GPU HW active frequency,1384 MHz
GPU Power,8653 mW
E-Cluster HW active frequency,953 MHz
P-Cluster HW active frequency,1516 MHz
CPU Power,866 mW
GPU Power,8226 mW
GPU HW active frequency,1375 MHz
GPU Power,8226 mW
E-Cluster HW active frequency,1036 MHz
P-Cluster HW active frequency,1300 MHz
CPU Power,848 mW
GPU Power,7833 mW
GPU HW active frequency,1355 MHz
GPU Power,7833 mW
E-Cluster HW active frequency,1023 MHz
P-Cluster HW active frequency,1015 MHz
CPU Power,574 mW
GPU Power,7814 mW
GPU HW active frequency,1344 MHz
GPU Power,7814 mW
E-Cluster HW active frequency,994 MHz
P-Cluster HW active frequency,1344 MHz
CPU Power,761 mW
GPU Power,7340 mW
GPU HW active frequency,1327 MHz
GPU Power,7340 mW
E-Cluster HW active frequency,953 MHz
P-Cluster HW active frequency,1444 MHz
CPU Power,807 mW
GPU Power,7170 mW
GPU HW active frequency,1303 MHz
GPU Power,7170 mW
E-Cluster HW active frequency,950 MHz
P-Cluster HW active frequency,1515 MHz
CPU Power,853 mW
GPU Power,6693 mW
GPU HW active frequency,1274 MHz
GPU Power,6693 mW
E-Cluster HW active frequency,950 MHz
P-Cluster HW active frequency,1431 MHz
CPU Power,801 mW
GPU Power,6414 mW
GPU HW active frequency,1248 MHz
GPU Power,6414 mW
E-Cluster HW active frequency,977 MHz
P-Cluster HW active frequency,1421 MHz
CPU Power,846 mW
GPU Power,5973 mW
GPU HW active frequency,1218 MHz
GPU Power,5973 mW
E-Cluster HW active frequency,951 MHz
P-Cluster HW active frequency,1453 MHz
CPU Power,821 mW
GPU Power,5701 mW
GPU HW active frequency,1191 MHz
GPU Power,5701 mW
E-Cluster HW active frequency,973 MHz
P-Cluster HW active frequency,1427 MHz
CPU Power,803 mW
GPU Power,5385 mW
GPU HW active frequency,1163 MHz
GPU Power,5385 mW
E-Cluster HW active frequency,948 MHz
P-Cluster HW active frequency,1369 MHz
CPU Power,770 mW
GPU Power,5081 mW
GPU HW active frequency,1136 MHz
GPU Power,5081 mW
E-Cluster HW active frequency,995 MHz
P-Cluster HW active frequency,1279 MHz
CPU Power,746 mW
GPU Power,4758 mW
GPU HW active frequency,1111 MHz
GPU Power,4758 mW
E-Cluster HW active frequency,954 MHz
P-Cluster HW active frequency,1339 MHz
CPU Power,716 mW
GPU Power,4549 mW
GPU HW active frequency,1075 MHz
GPU Power,4549 mW
E-Cluster HW active frequency,945 MHz
P-Cluster HW active frequency,1403 MHz
CPU Power,742 mW
GPU Power,4301 mW
GPU HW active frequency,1035 MHz
GPU Power,4301 mW
E-Cluster HW active frequency,958 MHz
P-Cluster HW active frequency,1403 MHz
CPU Power,760 mW
GPU Power,4086 mW
GPU HW active frequency,995 MHz
GPU Power,4086 mW
E-Cluster HW active frequency,943 MHz
P-Cluster HW active frequency,1406 MHz
CPU Power,728 mW
GPU Power,3849 mW
GPU HW active frequency,963 MHz
GPU Power,3849 mW
E-Cluster HW active frequency,950 MHz
P-Cluster HW active frequency,1409 MHz
CPU Power,768 mW
GPU Power,3685 mW
GPU HW active frequency,942 MHz
GPU Power,3685 mW
E-Cluster HW active frequency,959 MHz
P-Cluster HW active frequency,1392 MHz
CPU Power,732 mW
GPU Power,3531 mW
GPU HW active frequency,921 MHz
GPU Power,3531 mW
E-Cluster HW active frequency,947 MHz
P-Cluster HW active frequency,1404 MHz
CPU Power,749 mW
GPU Power,3403 mW
GPU HW active frequency,900 MHz
GPU Power,3403 mW
E-Cluster HW active frequency,945 MHz
P-Cluster HW active frequency,1360 MHz
CPU Power,709 mW
GPU Power,3215 mW
GPU HW active frequency,878 MHz
GPU Power,3215 mW
E-Cluster HW active frequency,942 MHz
P-Cluster HW active frequency,1309 MHz
CPU Power,655 mW
GPU Power,3138 mW
GPU HW active frequency,862 MHz
GPU Power,3138 mW
E-Cluster HW active frequency,964 MHz
P-Cluster HW active frequency,1260 MHz
CPU Power,649 mW
GPU Power,3038 mW
GPU HW active frequency,848 MHz
GPU Power,3038 mW
E-Cluster HW active frequency,954 MHz
P-Cluster HW active frequency,1309 MHz
CPU Power,735 mW
GPU Power,2906 mW
GPU HW active frequency,836 MHz
GPU Power,2906 mW
E-Cluster HW active frequency,950 MHz
P-Cluster HW active frequency,1402 MHz
CPU Power,745 mW
GPU Power,2816 mW
GPU HW active frequency,823 MHz
GPU Power,2816 mW
E-Cluster HW active frequency,945 MHz
P-Cluster HW active frequency,1345 MHz
CPU Power,690 mW
GPU Power,2721 mW
GPU HW active frequency,809 MHz
GPU Power,2721 mW
E-Cluster HW active frequency,942 MHz
P-Cluster HW active frequency,1288 MHz
CPU Power,622 mW
GPU Power,2729 mW
GPU HW active frequency,797 MHz
GPU Power,2729 mW
E-Cluster HW active frequency,948 MHz
P-Cluster HW active frequency,1311 MHz
CPU Power,746 mW
GPU Power,2633 mW
GPU HW active frequency,790 MHz
GPU Power,2633 mW
E-Cluster HW active frequency,946 MHz
P-Cluster HW active frequency,1365 MHz
CPU Power,704 mW
GPU Power,2573 mW
GPU HW active frequency,777 MHz
GPU Power,2573 mW
E-Cluster HW active frequency,945 MHz
P-Cluster HW active frequency,1290 MHz
CPU Power,662 mW
GPU Power,2625 mW
GPU HW active frequency,774 MHz
GPU Power,2625 mW
E-Cluster HW active frequency,947 MHz
P-Cluster HW active frequency,1291 MHz
CPU Power,718 mW
GPU Power,2512 mW
GPU HW active frequency,762 MHz
GPU Power,2512 mW
E-Cluster HW active frequency,947 MHz
P-Cluster HW active frequency,1346 MHz
CPU Power,695 mW
GPU Power,2473 mW
GPU HW active frequency,755 MHz
GPU Power,2473 mW
E-Cluster HW active frequency,977 MHz
P-Cluster HW active frequency,1205 MHz
CPU Power,658 mW
GPU Power,2480 mW
GPU HW active frequency,749 MHz
GPU Power,2480 mW
E-Cluster HW active frequency,948 MHz
P-Cluster HW active frequency,1332 MHz
CPU Power,704 mW
GPU Power,2469 mW
GPU HW active frequency,749 MHz
GPU Power,2469 mW
E-Cluster HW active frequency,951 MHz
P-Cluster HW active frequency,1349 MHz
CPU Power,682 mW
GPU Power,2448 mW
GPU HW active frequency,750 MHz
GPU Power,2448 mW
E-Cluster HW active frequency,956 MHz
P-Cluster HW active frequency,1184 MHz
CPU Power,632 mW
GPU Power,2489 mW
GPU HW active frequency,755 MHz
GPU Power,2489 mW
E-Cluster HW active frequency,943 MHz
P-Cluster HW active frequency,1367 MHz
CPU Power,691 mW
GPU Power,2487 mW
GPU HW active frequency,757 MHz
GPU Power,2487 mW
E-Cluster HW active frequency,940 MHz
P-Cluster HW active frequency,1235 MHz
CPU Power,631 mW
GPU Power,2503 mW
GPU HW active frequency,757 MHz
GPU Power,2503 mW
E-Cluster HW active frequency,952 MHz
P-Cluster HW active frequency,1334 MHz
CPU Power,691 mW
GPU Power,2488 mW
GPU HW active frequency,763 MHz
GPU Power,2488 mW
E-Cluster HW active frequency,946 MHz
P-Cluster HW active frequency,1382 MHz
CPU Power,724 mW
GPU Power,2470 mW
GPU HW active frequency,760 MHz
GPU Power,2494 mW
E-Cluster HW active frequency,951 MHz
P-Cluster HW active frequency,1232 MHz
CPU Power,600 mW
GPU Power,2527 mW
GPU HW active frequency,759 MHz
GPU Power,2504 mW
E-Cluster HW active frequency,943 MHz
P-Cluster HW active frequency,1301 MHz
CPU Power,718 mW
GPU Power,2493 mW
GPU HW active frequency,766 MHz
GPU Power,2493 mW
E-Cluster HW active frequency,946 MHz
P-Cluster HW active frequency,1366 MHz
CPU Power,721 mW
GPU Power,2495 mW
GPU HW active frequency,766 MHz
GPU Power,2495 mW
E-Cluster HW active frequency,949 MHz
P-Cluster HW active frequency,1272 MHz
CPU Power,625 mW
GPU Power,2570 mW
GPU HW active frequency,769 MHz
GPU Power,2570 mW
E-Cluster HW active frequency,950 MHz
P-Cluster HW active frequency,1321 MHz
CPU Power,743 mW
GPU Power,2525 mW
GPU HW active frequency,774 MHz
GPU Power,2525 mW
E-Cluster HW active frequency,948 MHz
P-Cluster HW active frequency,1353 MHz
CPU Power,688 mW
GPU Power,2544 mW
GPU HW active frequency,781 MHz
GPU Power,2544 mW
E-Cluster HW active frequency,945 MHz
P-Cluster HW active frequency,1254 MHz
CPU Power,621 mW
GPU Power,2617 mW
GPU HW active frequency,788 MHz
GPU Power,2617 mW
E-Cluster HW active frequency,946 MHz
P-Cluster HW active frequency,1324 MHz
CPU Power,757 mW
GPU Power,2602 mW
GPU HW active frequency,791 MHz
GPU Power,2602 mW
E-Cluster HW active frequency,953 MHz
P-Cluster HW active frequency,1361 MHz
CPU Power,705 mW
GPU Power,2581 mW
GPU HW active frequency,790 MHz
GPU Power,2581 mW
E-Cluster HW active frequency,949 MHz
P-Cluster HW active frequency,1334 MHz
CPU Power,697 mW
GPU Power,2591 mW
GPU HW active frequency,793 MHz
GPU Power,2591 mW
E-Cluster HW active frequency,957 MHz
P-Cluster HW active frequency,1205 MHz
CPU Power,627 mW
GPU Power,2682 mW
GPU HW active frequency,799 MHz
GPU Power,2682 mW
E-Cluster HW active frequency,949 MHz
P-Cluster HW active frequency,1360 MHz
CPU Power,688 mW
GPU Power,2658 mW
GPU HW active frequency,808 MHz
GPU Power,2658 mW
E-Cluster HW active frequency,952 MHz
P-Cluster HW active frequency,1374 MHz
CPU Power,718 mW
GPU Power,2679 mW
GPU HW active frequency,812 MHz
GPU Power,2679 mW
E-Cluster HW active frequency,948 MHz
P-Cluster HW active frequency,1302 MHz
CPU Power,646 mW
GPU Power,2738 mW
GPU HW active frequency,817 MHz
GPU Power,2753 mW
E-Cluster HW active frequency,951 MHz
P-Cluster HW active frequency,1271 MHz
CPU Power,687 mW
GPU Power,2783 mW
GPU HW active frequency,822 MHz
GPU Power,2768 mW
E-Cluster HW active frequency,950 MHz
P-Cluster HW active frequency,1355 MHz
CPU Power,697 mW
GPU Power,2762 mW
GPU HW active frequency,824 MHz
GPU Power,2762 mW
E-Cluster HW active frequency,949 MHz
P-Cluster HW active frequency,1382 MHz
CPU Power,697 mW
GPU Power,2767 mW
GPU HW active frequency,826 MHz
GPU Power,2767 mW
E-Cluster HW active frequency,954 MHz
P-Cluster HW active frequency,1273 MHz
CPU Power,683 mW
GPU Power,2805 mW
GPU HW active frequency,827 MHz
GPU Power,2805 mW
E-Cluster HW active frequency,948 MHz
P-Cluster HW active frequency,1245 MHz
CPU Power,636 mW
GPU Power,2851 mW
GPU HW active frequency,830 MHz
GPU Power,2851 mW
E-Cluster HW active frequency,949 MHz
P-Cluster HW active frequency,1375 MHz
CPU Power,731 mW
GPU Power,2807 mW
GPU HW active frequency,831 MHz
GPU Power,2807 mW
E-Cluster HW active frequency,950 MHz
P-Cluster HW active frequency,1373 MHz
CPU Power,700 mW
GPU Power,2815 mW
GPU HW active frequency,832 MHz
GPU Power,2841 mW
E-Cluster HW active frequency,964 MHz
P-Cluster HW active frequency,1366 MHz
CPU Power,729 mW
GPU Power,2858 mW
GPU HW active frequency,837 MHz
GPU Power,2832 mW
E-Cluster HW active frequency,960 MHz
P-Cluster HW active frequency,1200 MHz
CPU Power,629 mW
GPU Power,2913 mW
GPU HW active frequency,840 MHz
GPU Power,2913 mW
E-Cluster HW active frequency,985 MHz
P-Cluster HW active frequency,1313 MHz
CPU Power,783 mW
GPU Power,2876 mW
GPU HW active frequency,841 MHz
GPU Power,2876 mW
E-Cluster HW active frequency,946 MHz
P-Cluster HW active frequency,1381 MHz
CPU Power,750 mW
GPU Power,2888 mW
GPU HW active frequency,840 MHz
GPU Power,2888 mW
E-Cluster HW active frequency,946 MHz
P-Cluster HW active frequency,1382 MHz
CPU Power,711 mW
GPU Power,2861 mW
GPU HW active frequency,839 MHz
GPU Power,2861 mW
E-Cluster HW active frequency,942 MHz
P-Cluster HW active frequency,1348 MHz
CPU Power,700 mW
GPU Power,2874 mW
GPU HW active frequency,842 MHz
GPU Power,2874 mW
E-Cluster HW active frequency,958 MHz
P-Cluster HW active frequency,1192 MHz
CPU Power,602 mW
GPU Power,2960 mW
GPU HW active frequency,844 MHz
GPU Power,2960 mW
E-Cluster HW active frequency,960 MHz
P-Cluster HW active frequency,1330 MHz
CPU Power,708 mW
GPU Power,2912 mW
GPU HW active frequency,847 MHz
GPU Power,2912 mW
E-Cluster HW active frequency,945 MHz
P-Cluster HW active frequency,1378 MHz
CPU Power,743 mW
GPU Power,2933 mW
GPU HW active frequency,849 MHz
GPU Power,2933 mW
E-Cluster HW active frequency,944 MHz
P-Cluster HW active frequency,1386 MHz
CPU Power,708 mW
GPU Power,2949 mW
GPU HW active frequency,849 MHz
GPU Power,2949 mW
E-Cluster HW active frequency,940 MHz
P-Cluster HW active frequency,1376 MHz
CPU Power,707 mW
GPU Power,2940 mW
GPU HW active frequency,852 MHz
GPU Power,2940 mW
E-Cluster HW active frequency,983 MHz
P-Cluster HW active frequency,1118 MHz
CPU Power,691 mW
GPU Power,2991 mW
GPU HW active frequency,852 MHz
GPU Power,2991 mW
E-Cluster HW active frequency,945 MHz
P-Cluster HW active frequency,1326 MHz
CPU Power,708 mW
GPU Power,2950 mW
GPU HW active frequency,853 MHz
GPU Power,2950 mW
E-Cluster HW active frequency,951 MHz
P-Cluster HW active frequency,1378 MHz
CPU Power,751 mW
GPU Power,2985 mW
GPU HW active frequency,854 MHz
GPU Power,2985 mW
E-Cluster HW active frequency,947 MHz
P-Cluster HW active frequency,1383 MHz
CPU Power,714 mW
GPU Power,2966 mW
GPU HW active frequency,855 MHz
GPU Power,2966 mW
E-Cluster HW active frequency,946 MHz
P-Cluster HW active frequency,1379 MHz
CPU Power,713 mW
GPU Power,2969 mW
GPU HW active frequency,856 MHz
GPU Power,2969 mW
E-Cluster HW active frequency,951 MHz
P-Cluster HW active frequency,1213 MHz
CPU Power,639 mW
GPU Power,3011 mW
GPU HW active frequency,856 MHz
GPU Power,3011 mW
E-Cluster HW active frequency,958 MHz
P-Cluster HW active frequency,1297 MHz
CPU Power,684 mW
GPU Power,3040 mW
GPU HW active frequency,861 MHz
GPU Power,3040 mW
E-Cluster HW active frequency,944 MHz
P-Cluster HW active frequency,1406 MHz
CPU Power,740 mW
GPU Power,3018 mW
GPU HW active frequency,863 MHz
GPU Power,3018 mW
E-Cluster HW active frequency,991 MHz
P-Cluster HW active frequency,1663 MHz
CPU Power,1284 mW
GPU Power,2959 mW
GPU HW active frequency,875 MHz
GPU Power,2986 mW
E-Cluster HW active frequency,971 MHz
P-Cluster HW active frequency,1335 MHz
CPU Power,684 mW
GPU Power,3005 mW
GPU HW active frequency,837 MHz
GPU Power,2978 mW
E-Cluster HW active frequency,953 MHz
P-Cluster HW active frequency,1326 MHz
CPU Power,651 mW
GPU Power,3016 mW
GPU HW active frequency,841 MHz
GPU Power,3016 mW
E-Cluster HW active frequency,951 MHz
P-Cluster HW active frequency,1309 MHz
CPU Power,654 mW
GPU Power,3114 mW
GPU HW active frequency,856 MHz
GPU Power,3114 mW
E-Cluster HW active frequency,951 MHz
P-Cluster HW active frequency,1365 MHz
CPU Power,714 mW
GPU Power,3214 mW
GPU HW active frequency,865 MHz
GPU Power,3214 mW
E-Cluster HW active frequency,952 MHz
P-Cluster HW active frequency,1287 MHz
CPU Power,658 mW
GPU Power,3223 mW
GPU HW active frequency,870 MHz
GPU Power,3223 mW
E-Cluster HW active frequency,951 MHz
P-Cluster HW active frequency,1296 MHz
CPU Power,624 mW
GPU Power,3229 mW
GPU HW active frequency,870 MHz
GPU Power,3229 mW
E-Cluster HW active frequency,951 MHz
P-Cluster HW active frequency,1355 MHz
CPU Power,685 mW
GPU Power,3252 mW
GPU HW active frequency,870 MHz
GPU Power,3252 mW
E-Cluster HW active frequency,949 MHz
P-Cluster HW active frequency,1347 MHz
CPU Power,654 mW
GPU Power,3222 mW
GPU HW active frequency,869 MHz
GPU Power,3222 mW
E-Cluster HW active frequency,952 MHz
P-Cluster HW active frequency,1349 MHz
CPU Power,680 mW
GPU Power,3215 mW
GPU HW active frequency,868 MHz
GPU Power,3215 mW
E-Cluster HW active frequency,952 MHz
P-Cluster HW active frequency,1324 MHz
CPU Power,633 mW
GPU Power,3193 mW
GPU HW active frequency,866 MHz
GPU Power,3218 mW
E-Cluster HW active frequency,979 MHz
P-Cluster HW active frequency,1337 MHz
CPU Power,729 mW
GPU Power,3218 mW
GPU HW active frequency,865 MHz
GPU Power,3193 mW
E-Cluster HW active frequency,953 MHz
P-Cluster HW active frequency,1367 MHz
CPU Power,762 mW
GPU Power,3140 mW
GPU HW active frequency,857 MHz
GPU Power,3140 mW
E-Cluster HW active frequency,950 MHz
P-Cluster HW active frequency,1328 MHz
CPU Power,657 mW
GPU Power,3066 mW
GPU HW active frequency,848 MHz
GPU Power,3091 mW
E-Cluster HW active frequency,943 MHz
P-Cluster HW active frequency,1354 MHz
CPU Power,643 mW
GPU Power,3091 mW
GPU HW active frequency,847 MHz
GPU Power,3066 mW
E-Cluster HW active frequency,947 MHz
P-Cluster HW active frequency,1351 MHz
CPU Power,633 mW
GPU Power,3056 mW
GPU HW active frequency,846 MHz
GPU Power,3056 mW
E-Cluster HW active frequency,951 MHz
P-Cluster HW active frequency,1345 MHz
CPU Power,651 mW
GPU Power,3071 mW
GPU HW active frequency,845 MHz
GPU Power,3071 mW
E-Cluster HW active frequency,945 MHz
P-Cluster HW active frequency,1342 MHz
CPU Power,650 mW
GPU Power,3035 mW
GPU HW active frequency,843 MHz
GPU Power,3035 mW
E-Cluster HW active frequency,956 MHz
P-Cluster HW active frequency,1332 MHz
CPU Power,662 mW
GPU Power,3018 mW
GPU HW active frequency,841 MHz
GPU Power,3018 mW
E-Cluster HW active frequency,949 MHz
P-Cluster HW active frequency,1344 MHz
CPU Power,670 mW
GPU Power,3004 mW
GPU HW active frequency,836 MHz
GPU Power,3004 mW
E-Cluster HW active frequency,951 MHz
P-Cluster HW active frequency,1349 MHz
CPU Power,630 mW
GPU Power,2979 mW
GPU HW active frequency,835 MHz
GPU Power,2979 mW
E-Cluster HW active frequency,947 MHz
P-Cluster HW active frequency,1305 MHz
CPU Power,650 mW
GPU Power,2967 mW
GPU HW active frequency,834 MHz
GPU Power,2967 mW
E-Cluster HW active frequency,950 MHz
P-Cluster HW active frequency,1344 MHz
CPU Power,649 mW
GPU Power,2992 mW
GPU HW active frequency,834 MHz
GPU Power,2992 mW
E-Cluster HW active frequency,1056 MHz
P-Cluster HW active frequency,1690 MHz
CPU Power,1409 mW
GPU Power,2473 mW
GPU HW active frequency,835 MHz
GPU Power,2473 mW
E-Cluster HW active frequency,1359 MHz
P-Cluster HW active frequency,1316 MHz
CPU Power,1144 mW
GPU Power,3155 mW
GPU HW active frequency,872 MHz
GPU Power,3155 mW
E-Cluster HW active frequency,976 MHz
P-Cluster HW active frequency,1248 MHz
CPU Power,721 mW
GPU Power,2599 mW
GPU HW active frequency,793 MHz
GPU Power,2599 mW
E-Cluster HW active frequency,995 MHz
P-Cluster HW active frequency,1404 MHz
CPU Power,861 mW
GPU Power,2515 mW
GPU HW active frequency,772 MHz
GPU Power,2537 mW
E-Cluster HW active frequency,964 MHz
P-Cluster HW active frequency,1185 MHz
CPU Power,658 mW
GPU Power,2561 mW
GPU HW active frequency,774 MHz
GPU Power,2539 mW
E-Cluster HW active frequency,974 MHz
P-Cluster HW active frequency,1392 MHz
CPU Power,770 mW
GPU Power,2596 mW
GPU HW active frequency,792 MHz
GPU Power,2596 mW
E-Cluster HW active frequency,948 MHz
P-Cluster HW active frequency,1411 MHz
CPU Power,744 mW
GPU Power,2647 mW
GPU HW active frequency,801 MHz
GPU Power,2647 mW
E-Cluster HW active frequency,952 MHz
P-Cluster HW active frequency,1316 MHz
CPU Power,698 mW
GPU Power,2619 mW
GPU HW active frequency,800 MHz
GPU Power,2619 mW
E-Cluster HW active frequency,966 MHz
P-Cluster HW active frequency,1302 MHz
CPU Power,644 mW
GPU Power,2663 mW
GPU HW active frequency,802 MHz
GPU Power,2663 mW
E-Cluster HW active frequency,959 MHz
P-Cluster HW active frequency,1404 MHz
CPU Power,789 mW
GPU Power,2648 mW
GPU HW active frequency,801 MHz
GPU Power,2648 mW
E-Cluster HW active frequency,944 MHz
P-Cluster HW active frequency,1373 MHz
CPU Power,711 mW
GPU Power,2619 mW
GPU HW active frequency,801 MHz
GPU Power,2619 mW
E-Cluster HW active frequency,953 MHz
P-Cluster HW active frequency,1293 MHz
CPU Power,732 mW
GPU Power,2643 mW
GPU HW active frequency,807 MHz
GPU Power,2662 mW
E-Cluster HW active frequency,943 MHz
P-Cluster HW active frequency,1287 MHz
CPU Power,624 mW
GPU Power,2734 mW
GPU HW active frequency,812 MHz
GPU Power,2714 mW
E-Cluster HW active frequency,980 MHz
P-Cluster HW active frequency,1531 MHz
CPU Power,915 mW
GPU Power,2716 mW
GPU HW active frequency,819 MHz
GPU Power,2716 mW
E-Cluster HW active frequency,1797 MHz
P-Cluster HW active frequency,1872 MHz
CPU Power,2226 mW
GPU Power,2496 mW
GPU HW active frequency,769 MHz
GPU Power,2496 mW
E-Cluster HW active frequency,1004 MHz
P-Cluster HW active frequency,1216 MHz
CPU Power,648 mW
GPU Power,2280 mW
GPU HW active frequency,708 MHz
GPU Power,2280 mW
E-Cluster HW active frequency,1439 MHz
P-Cluster HW active frequency,1303 MHz
CPU Power,1120 mW
GPU Power,2386 mW
GPU HW active frequency,737 MHz
GPU Power,2386 mW
E-Cluster HW active frequency,976 MHz
P-Cluster HW active frequency,1329 MHz
CPU Power,686 mW
GPU Power,2483 mW
GPU HW active frequency,761 MHz
GPU Power,2483 mW
E-Cluster HW active frequency,971 MHz
P-Cluster HW active frequency,1570 MHz
CPU Power,1016 mW
GPU Power,2601 mW
GPU HW active frequency,793 MHz
GPU Power,2601 mW
E-Cluster HW active frequency,1194 MHz
P-Cluster HW active frequency,1480 MHz
CPU Power,1035 mW
GPU Power,2610 mW
GPU HW active frequency,791 MHz
GPU Power,2610 mW
E-Cluster HW active frequency,1087 MHz
P-Cluster HW active frequency,1551 MHz
CPU Power,1288 mW
GPU Power,2441 mW
GPU HW active frequency,756 MHz
GPU Power,2441 mW
E-Cluster HW active frequency,945 MHz
P-Cluster HW active frequency,1303 MHz
CPU Power,685 mW
GPU Power,2498 mW
GPU HW active frequency,762 MHz
GPU Power,2498 mW
E-Cluster HW active frequency,950 MHz
P-Cluster HW active frequency,1370 MHz
CPU Power,718 mW
GPU Power,2640 mW
GPU HW active frequency,800 MHz
GPU Power,2640 mW
E-Cluster HW active frequency,951 MHz
P-Cluster HW active frequency,1324 MHz
CPU Power,722 mW
GPU Power,2716 mW
GPU HW active frequency,820 MHz
GPU Power,2716 mW
E-Cluster HW active frequency,983 MHz
P-Cluster HW active frequency,1386 MHz
CPU Power,825 mW
GPU Power,2840 mW
GPU HW active frequency,831 MHz
GPU Power,2840 mW
E-Cluster HW active frequency,1028 MHz
P-Cluster HW active frequency,1448 MHz
CPU Power,968 mW
GPU Power,2808 mW
GPU HW active frequency,829 MHz
GPU Power,2808 mW
E-Cluster HW active frequency,1208 MHz
P-Cluster HW active frequency,1612 MHz
CPU Power,1457 mW
GPU Power,2690 mW
GPU HW active frequency,813 MHz
GPU Power,2712 mW
E-Cluster HW active frequency,1073 MHz
P-Cluster HW active frequency,1252 MHz
CPU Power,791 mW
GPU Power,2609 mW
GPU HW active frequency,794 MHz
GPU Power,2587 mW
E-Cluster HW active frequency,1251 MHz
P-Cluster HW active frequency,1374 MHz
CPU Power,896 mW
GPU Power,2695 mW
GPU HW active frequency,809 MHz
GPU Power,2695 mW
E-Cluster HW active frequency,1656 MHz
P-Cluster HW active frequency,2425 MHz
CPU Power,3911 mW
GPU Power,2458 mW
GPU HW active frequency,751 MHz
GPU Power,2476 mW
E-Cluster HW active frequency,1395 MHz
P-Cluster HW active frequency,1384 MHz
CPU Power,1218 mW
GPU Power,1863 mW
GPU HW active frequency,600 MHz
GPU Power,1846 mW
E-Cluster HW active frequency,1237 MHz
P-Cluster HW active frequency,1388 MHz
CPU Power,1347 mW
GPU Power,1923 mW
GPU HW active frequency,624 MHz
GPU Power,1923 mW
E-Cluster HW active frequency,1131 MHz
P-Cluster HW active frequency,1362 MHz
CPU Power,1079 mW
GPU Power,2217 mW
GPU HW active frequency,685 MHz
GPU Power,2217 mW
E-Cluster HW active frequency,986 MHz
P-Cluster HW active frequency,1344 MHz
CPU Power,745 mW
GPU Power,2376 mW
GPU HW active frequency,739 MHz
GPU Power,2376 mW
E-Cluster HW active frequency,1338 MHz
P-Cluster HW active frequency,1285 MHz
CPU Power,947 mW
GPU Power,2521 mW
GPU HW active frequency,780 MHz
GPU Power,2521 mW
E-Cluster HW active frequency,960 MHz
P-Cluster HW active frequency,1285 MHz
CPU Power,644 mW
GPU Power,2649 mW
GPU HW active frequency,795 MHz
GPU Power,2649 mW
E-Cluster HW active frequency,994 MHz
P-Cluster HW active frequency,1358 MHz
CPU Power,784 mW
GPU Power,2630 mW
GPU HW active frequency,803 MHz
GPU Power,2630 mW
E-Cluster HW active frequency,1357 MHz
P-Cluster HW active frequency,1240 MHz
CPU Power,1147 mW
GPU Power,2557 mW
GPU HW active frequency,787 MHz
GPU Power,2557 mW
E-Cluster HW active frequency,962 MHz
P-Cluster HW active frequency,1268 MHz
CPU Power,650 mW
GPU Power,2546 mW
GPU HW active frequency,767 MHz
GPU Power,2546 mW
E-Cluster HW active frequency,964 MHz
P-Cluster HW active frequency,1500 MHz
CPU Power,1042 mW
GPU Power,2494 mW
GPU HW active frequency,768 MHz
GPU Power,2494 mW
E-Cluster HW active frequency,1340 MHz
P-Cluster HW active frequency,1230 MHz
CPU Power,1019 mW
GPU Power,2484 mW
GPU HW active frequency,768 MHz
GPU Power,2484 mW
E-Cluster HW active frequency,955 MHz
P-Cluster HW active frequency,1266 MHz
CPU Power,665 mW
GPU Power,2535 mW
GPU HW active frequency,766 MHz
GPU Power,2535 mW
E-Cluster HW active frequency,946 MHz
P-Cluster HW active frequency,1348 MHz
CPU Power,727 mW
GPU Power,2528 mW
GPU HW active frequency,777 MHz
GPU Power,2528 mW
E-Cluster HW active frequency,974 MHz
P-Cluster HW active frequency,1268 MHz
CPU Power,729 mW
GPU Power,2569 mW
GPU HW active frequency,792 MHz
GPU Power,2569 mW
E-Cluster HW active frequency,946 MHz
P-Cluster HW active frequency,1284 MHz
CPU Power,736 mW
GPU Power,2660 mW
GPU HW active frequency,797 MHz
GPU Power,2660 mW
E-Cluster HW active frequency,949 MHz
P-Cluster HW active frequency,1261 MHz
CPU Power,658 mW
GPU Power,2607 mW
GPU HW active frequency,799 MHz
GPU Power,2607 mW
E-Cluster HW active frequency,1051 MHz
P-Cluster HW active frequency,1287 MHz
CPU Power,905 mW
GPU Power,2610 mW
GPU HW active frequency,800 MHz
GPU Power,2610 mW
E-Cluster HW active frequency,1038 MHz
P-Cluster HW active frequency,1600 MHz
CPU Power,1233 mW
GPU Power,2515 mW
GPU HW active frequency,769 MHz
GPU Power,2515 mW
E-Cluster HW active frequency,986 MHz
P-Cluster HW active frequency,1373 MHz
CPU Power,766 mW
GPU Power,2503 mW
GPU HW active frequency,762 MHz
GPU Power,2503 mW
E-Cluster HW active frequency,996 MHz
P-Cluster HW active frequency,1485 MHz
CPU Power,970 mW
GPU Power,2448 mW
GPU HW active frequency,761 MHz
GPU Power,2448 mW
E-Cluster HW active frequency,945 MHz
P-Cluster HW active frequency,1317 MHz
CPU Power,646 mW
GPU Power,2519 mW
GPU HW active frequency,770 MHz
GPU Power,2519 mW
E-Cluster HW active frequency,946 MHz
P-Cluster HW active frequency,1337 MHz
CPU Power,728 mW
GPU Power,2607 mW
GPU HW active frequency,791 MHz
GPU Power,2607 mW
E-Cluster HW active frequency,955 MHz
P-Cluster HW active frequency,1328 MHz
CPU Power,736 mW
GPU Power,2619 mW
GPU HW active frequency,803 MHz
GPU Power,2619 mW
E-Cluster HW active frequency,948 MHz
P-Cluster HW active frequency,1350 MHz
CPU Power,686 mW
GPU Power,2676 mW
GPU HW active frequency,810 MHz
GPU Power,2676 mW
E-Cluster HW active frequency,964 MHz
P-Cluster HW active frequency,1349 MHz
CPU Power,665 mW
GPU Power,2721 mW
GPU HW active frequency,814 MHz
GPU Power,2721 mW
E-Cluster HW active frequency,945 MHz
P-Cluster HW active frequency,1353 MHz
CPU Power,678 mW
GPU Power,2722 mW
GPU HW active frequency,820 MHz
GPU Power,2722 mW
E-Cluster HW active frequency,969 MHz
P-Cluster HW active frequency,1257 MHz
CPU Power,712 mW
GPU Power,2761 mW
GPU HW active frequency,822 MHz
GPU Power,2761 mW
E-Cluster HW active frequency,1002 MHz
P-Cluster HW active frequency,1481 MHz
CPU Power,945 mW
GPU Power,2751 mW
GPU HW active frequency,825 MHz
GPU Power,2751 mW
E-Cluster HW active frequency,1059 MHz
P-Cluster HW active frequency,1279 MHz
CPU Power,725 mW
GPU Power,2779 mW
GPU HW active frequency,821 MHz
GPU Power,2779 mW
E-Cluster HW active frequency,952 MHz
P-Cluster HW active frequency,1348 MHz
CPU Power,706 mW
GPU Power,2780 mW
GPU HW active frequency,826 MHz
GPU Power,2780 mW
E-Cluster HW active frequency,950 MHz
P-Cluster HW active frequency,1361 MHz
CPU Power,728 mW
GPU Power,2832 mW
GPU HW active frequency,835 MHz
GPU Power,2832 mW
E-Cluster HW active frequency,953 MHz
P-Cluster HW active frequency,1251 MHz
CPU Power,673 mW
GPU Power,2902 mW
GPU HW active frequency,844 MHz
GPU Power,2902 mW
E-Cluster HW active frequency,958 MHz
P-Cluster HW active frequency,1324 MHz
CPU Power,668 mW
GPU Power,2931 mW
GPU HW active frequency,852 MHz
GPU Power,2931 mW
E-Cluster HW active frequency,941 MHz
P-Cluster HW active frequency,1303 MHz
CPU Power,631 mW
GPU Power,3027 mW
GPU HW active frequency,857 MHz
GPU Power,3027 mW
E-Cluster HW active frequency,966 MHz
P-Cluster HW active frequency,1426 MHz
CPU Power,808 mW
GPU Power,3017 mW
GPU HW active frequency,862 MHz
GPU Power,3017 mW
E-Cluster HW active frequency,943 MHz
P-Cluster HW active frequency,1383 MHz
CPU Power,691 mW
GPU Power,2990 mW
GPU HW active frequency,860 MHz
GPU Power,2990 mW
E-Cluster HW active frequency,954 MHz
P-Cluster HW active frequency,1275 MHz
CPU Power,738 mW
GPU Power,3027 mW
GPU HW active frequency,862 MHz
GPU Power,3027 mW
E-Cluster HW active frequency,944 MHz
P-Cluster HW active frequency,1394 MHz
CPU Power,689 mW
GPU Power,3027 mW
GPU HW active frequency,865 MHz
GPU Power,3027 mW
E-Cluster HW active frequency,944 MHz
P-Cluster HW active frequency,1353 MHz
CPU Power,690 mW
GPU Power,3046 mW
GPU HW active frequency,868 MHz
GPU Power,3075 mW
E-Cluster HW active frequency,944 MHz
P-Cluster HW active frequency,1301 MHz
CPU Power,650 mW
GPU Power,3139 mW
GPU HW active frequency,872 MHz
GPU Power,3110 mW
E-Cluster HW active frequency,941 MHz
P-Cluster HW active frequency,1358 MHz
CPU Power,677 mW
GPU Power,3129 mW
GPU HW active frequency,878 MHz
GPU Power,3129 mW
E-Cluster HW active frequency,943 MHz
P-Cluster HW active frequency,1386 MHz
CPU Power,715 mW
GPU Power,3148 mW
GPU HW active frequency,878 MHz
GPU Power,3148 mW
E-Cluster HW active frequency,951 MHz
P-Cluster HW active frequency,1278 MHz
CPU Power,710 mW
GPU Power,3117 mW
GPU HW active frequency,878 MHz
GPU Power,3117 mW
E-Cluster HW active frequency,942 MHz
P-Cluster HW active frequency,1373 MHz
CPU Power,695 mW
GPU Power,3124 mW
GPU HW active frequency,879 MHz
GPU Power,3124 mW
E-Cluster HW active frequency,1010 MHz
P-Cluster HW active frequency,1084 MHz
CPU Power,569 mW
GPU Power,3158 mW
GPU HW active frequency,882 MHz
GPU Power,3158 mW
E-Cluster HW active frequency,995 MHz
P-Cluster HW active frequency,1113 MHz
CPU Power,566 mW
GPU Power,3175 mW
GPU HW active frequency,890 MHz
GPU Power,3175 mW
E-Cluster HW active frequency,942 MHz
P-Cluster HW active frequency,1365 MHz
CPU Power,669 mW
GPU Power,3252 mW
GPU HW active frequency,891 MHz
GPU Power,3252 mW
E-Cluster HW active frequency,943 MHz
P-Cluster HW active frequency,1317 MHz
CPU Power,649 mW
GPU Power,3212 mW
GPU HW active frequency,886 MHz
GPU Power,3212 mW
E-Cluster HW active frequency,963 MHz
P-Cluster HW active frequency,1401 MHz
CPU Power,737 mW
GPU Power,3160 mW
GPU HW active frequency,884 MHz
GPU Power,3160 mW
E-Cluster HW active frequency,958 MHz
P-Cluster HW active frequency,1326 MHz
CPU Power,779 mW
GPU Power,3160 mW
GPU HW active frequency,879 MHz
GPU Power,3160 mW
E-Cluster HW active frequency,944 MHz
P-Cluster HW active frequency,1365 MHz
CPU Power,695 mW
GPU Power,3084 mW
GPU HW active frequency,873 MHz
GPU Power,3084 mW
E-Cluster HW active frequency,946 MHz
P-Cluster HW active frequency,1412 MHz
CPU Power,722 mW
GPU Power,3087 mW
GPU HW active frequency,873 MHz
GPU Power,3087 mW
E-Cluster HW active frequency,941 MHz
P-Cluster HW active frequency,1373 MHz
CPU Power,685 mW
GPU Power,3110 mW
GPU HW active frequency,873 MHz
GPU Power,3110 mW
E-Cluster HW active frequency,941 MHz
P-Cluster HW active frequency,1332 MHz
CPU Power,633 mW
GPU Power,3104 mW
GPU HW active frequency,871 MHz
GPU Power,3104 mW
E-Cluster HW active frequency,953 MHz
P-Cluster HW active frequency,1347 MHz
CPU Power,714 mW
GPU Power,3083 mW
GPU HW active frequency,870 MHz
GPU Power,3083 mW
E-Cluster HW active frequency,943 MHz
P-Cluster HW active frequency,1344 MHz
CPU Power,713 mW
GPU Power,3063 mW
GPU HW active frequency,866 MHz
GPU Power,3063 mW
E-Cluster HW active frequency,946 MHz
P-Cluster HW active frequency,1329 MHz
CPU Power,716 mW
GPU Power,3009 mW
GPU HW active frequency,861 MHz
GPU Power,3009 mW
E-Cluster HW active frequency,943 MHz
P-Cluster HW active frequency,1382 MHz
CPU Power,697 mW
GPU Power,2994 mW
GPU HW active frequency,860 MHz
GPU Power,2994 mW
E-Cluster HW active frequency,942 MHz
P-Cluster HW active frequency,1364 MHz
CPU Power,682 mW
GPU Power,3021 mW
GPU HW active frequency,860 MHz
GPU Power,3021 mW
E-Cluster HW active frequency,942 MHz
P-Cluster HW active frequency,1316 MHz
CPU Power,650 mW
GPU Power,3043 mW
GPU HW active frequency,859 MHz
GPU Power,3043 mW
E-Cluster HW active frequency,983 MHz
P-Cluster HW active frequency,1271 MHz
CPU Power,803 mW
GPU Power,3019 mW
GPU HW active frequency,859 MHz
GPU Power,3019 mW
E-Cluster HW active frequency,1001 MHz
P-Cluster HW active frequency,1084 MHz
CPU Power,616 mW
GPU Power,2992 mW
GPU HW active frequency,857 MHz
GPU Power,2992 mW
E-Cluster HW active frequency,980 MHz
P-Cluster HW active frequency,1224 MHz
CPU Power,609 mW
GPU Power,2997 mW
GPU HW active frequency,862 MHz
GPU Power,2997 mW
E-Cluster HW active frequency,942 MHz
P-Cluster HW active frequency,1382 MHz
CPU Power,691 mW
GPU Power,3035 mW
GPU HW active frequency,865 MHz
GPU Power,3035 mW
E-Cluster HW active frequency,953 MHz
P-Cluster HW active frequency,1359 MHz
CPU Power,712 mW
GPU Power,3045 mW
GPU HW active frequency,864 MHz
GPU Power,3045 mW
E-Cluster HW active frequency,944 MHz
P-Cluster HW active frequency,1285 MHz
CPU Power,614 mW
GPU Power,3070 mW
GPU HW active frequency,863 MHz
GPU Power,3070 mW
E-Cluster HW active frequency,948 MHz
P-Cluster HW active frequency,1365 MHz
CPU Power,722 mW
GPU Power,3031 mW
GPU HW active frequency,865 MHz
GPU Power,3031 mW
E-Cluster HW active frequency,946 MHz
P-Cluster HW active frequency,1319 MHz
CPU Power,690 mW
GPU Power,3049 mW
GPU HW active frequency,863 MHz
GPU Power,3049 mW
E-Cluster HW active frequency,942 MHz
P-Cluster HW active frequency,1381 MHz
CPU Power,688 mW
GPU Power,3011 mW
GPU HW active frequency,862 MHz
GPU Power,3011 mW
E-Cluster HW active frequency,951 MHz
P-Cluster HW active frequency,1382 MHz
CPU Power,712 mW
GPU Power,3006 mW
GPU HW active frequency,861 MHz
GPU Power,3006 mW
E-Cluster HW active frequency,942 MHz
P-Cluster HW active frequency,1360 MHz
CPU Power,694 mW
GPU Power,3023 mW
GPU HW active frequency,860 MHz
GPU Power,3023 mW
E-Cluster HW active frequency,940 MHz
P-Cluster HW active frequency,1287 MHz
CPU Power,639 mW
GPU Power,3056 mW
GPU HW active frequency,862 MHz
GPU Power,3056 mW
E-Cluster HW active frequency,949 MHz
P-Cluster HW active frequency,1307 MHz
CPU Power,705 mW
GPU Power,3000 mW
GPU HW active frequency,861 MHz
GPU Power,3022 mW
E-Cluster HW active frequency,941 MHz
P-Cluster HW active frequency,1338 MHz
CPU Power,693 mW
GPU Power,3019 mW
GPU HW active frequency,860 MHz
GPU Power,2997 mW
E-Cluster HW active frequency,942 MHz
P-Cluster HW active frequency,1279 MHz
CPU Power,668 mW
GPU Power,2990 mW
GPU HW active frequency,859 MHz
GPU Power,2990 mW
E-Cluster HW active frequency,949 MHz
P-Cluster HW active frequency,1365 MHz
CPU Power,688 mW
GPU Power,2986 mW
GPU HW active frequency,859 MHz
GPU Power,3012 mW
E-Cluster HW active frequency,948 MHz
P-Cluster HW active frequency,1364 MHz
CPU Power,687 mW
GPU Power,3006 mW
GPU HW active frequency,857 MHz
GPU Power,2979 mW
E-Cluster HW active frequency,945 MHz
P-Cluster HW active frequency,1320 MHz
CPU Power,656 mW
GPU Power,3014 mW
GPU HW active frequency,856 MHz
GPU Power,3014 mW
E-Cluster HW active frequency,973 MHz
P-Cluster HW active frequency,1352 MHz
CPU Power,779 mW
GPU Power,2994 mW
GPU HW active frequency,855 MHz
GPU Power,2994 mW
E-Cluster HW active frequency,952 MHz
P-Cluster HW active frequency,1359 MHz
CPU Power,698 mW
GPU Power,2957 mW
GPU HW active frequency,853 MHz
GPU Power,2957 mW
E-Cluster HW active frequency,945 MHz
P-Cluster HW active frequency,1380 MHz
CPU Power,688 mW
GPU Power,2956 mW
GPU HW active frequency,854 MHz
GPU Power,2956 mW
E-Cluster HW active frequency,945 MHz
P-Cluster HW active frequency,1378 MHz
CPU Power,713 mW
GPU Power,3000 mW
GPU HW active frequency,857 MHz
GPU Power,3000 mW
E-Cluster HW active frequency,977 MHz
P-Cluster HW active frequency,1049 MHz
CPU Power,529 mW
GPU Power,3023 mW
GPU HW active frequency,857 MHz
GPU Power,3023 mW
E-Cluster HW active frequency,951 MHz
P-Cluster HW active frequency,1302 MHz
CPU Power,714 mW
GPU Power,2994 mW
GPU HW active frequency,860 MHz
GPU Power,2994 mW
E-Cluster HW active frequency,997 MHz
P-Cluster HW active frequency,1253 MHz
CPU Power,754 mW
GPU Power,3012 mW
GPU HW active frequency,859 MHz
GPU Power,3012 mW
E-Cluster HW active frequency,946 MHz
P-Cluster HW active frequency,1346 MHz
CPU Power,751 mW
GPU Power,2931 mW
GPU HW active frequency,850 MHz
GPU Power,2931 mW
E-Cluster HW active frequency,942 MHz
P-Cluster HW active frequency,1403 MHz
CPU Power,718 mW
GPU Power,2870 mW
GPU HW active frequency,841 MHz
GPU Power,2870 mW
E-Cluster HW active frequency,940 MHz
P-Cluster HW active frequency,1301 MHz
CPU Power,618 mW
GPU Power,2914 mW
GPU HW active frequency,837 MHz
GPU Power,2914 mW
E-Cluster HW active frequency,946 MHz
P-Cluster HW active frequency,1283 MHz
CPU Power,666 mW
GPU Power,2861 mW
GPU HW active frequency,840 MHz
GPU Power,2861 mW
E-Cluster HW active frequency,954 MHz
P-Cluster HW active frequency,1309 MHz
CPU Power,685 mW
GPU Power,2874 mW
GPU HW active frequency,841 MHz
GPU Power,2874 mW
E-Cluster HW active frequency,941 MHz
P-Cluster HW active frequency,1378 MHz
CPU Power,686 mW
GPU Power,2908 mW
GPU HW active frequency,844 MHz
GPU Power,2908 mW
E-Cluster HW active frequency,950 MHz
P-Cluster HW active frequency,1364 MHz
CPU Power,713 mW
GPU Power,2903 mW
GPU HW active frequency,845 MHz
GPU Power,2903 mW
E-Cluster HW active frequency,940 MHz
P-Cluster HW active frequency,1276 MHz
CPU Power,618 mW
GPU Power,2945 mW
GPU HW active frequency,846 MHz
GPU Power,2945 mW
E-Cluster HW active frequency,948 MHz
P-Cluster HW active frequency,1290 MHz
CPU Power,692 mW
GPU Power,2941 mW
GPU HW active frequency,849 MHz
GPU Power,2941 mW
E-Cluster HW active frequency,985 MHz
P-Cluster HW active frequency,1125 MHz
CPU Power,613 mW
GPU Power,2915 mW
GPU HW active frequency,849 MHz
GPU Power,2915 mW
E-Cluster HW active frequency,955 MHz
P-Cluster HW active frequency,1348 MHz
CPU Power,674 mW
GPU Power,2938 mW
GPU HW active frequency,849 MHz
GPU Power,2938 mW
E-Cluster HW active frequency,946 MHz
P-Cluster HW active frequency,1377 MHz
CPU Power,725 mW
GPU Power,2897 mW
GPU HW active frequency,845 MHz
GPU Power,2897 mW
E-Cluster HW active frequency,943 MHz
P-Cluster HW active frequency,1295 MHz
CPU Power,621 mW
GPU Power,2878 mW
GPU HW active frequency,835 MHz
GPU Power,2901 mW
E-Cluster HW active frequency,947 MHz
P-Cluster HW active frequency,1261 MHz
CPU Power,684 mW
GPU Power,2862 mW
GPU HW active frequency,836 MHz
GPU Power,2838 mW
E-Cluster HW active frequency,951 MHz
P-Cluster HW active frequency,1305 MHz
CPU Power,691 mW
GPU Power,2850 mW
GPU HW active frequency,838 MHz
GPU Power,2850 mW
E-Cluster HW active frequency,943 MHz
P-Cluster HW active frequency,1356 MHz
CPU Power,690 mW
GPU Power,2870 mW
GPU HW active frequency,838 MHz
GPU Power,2870 mW
E-Cluster HW active frequency,941 MHz
P-Cluster HW active frequency,1378 MHz
CPU Power,720 mW
GPU Power,2854 mW
GPU HW active frequency,839 MHz
GPU Power,2854 mW
E-Cluster HW active frequency,945 MHz
P-Cluster HW active frequency,1230 MHz
CPU Power,634 mW
GPU Power,2888 mW
GPU HW active frequency,837 MHz
GPU Power,2888 mW
E-Cluster HW active frequency,946 MHz
P-Cluster HW active frequency,1351 MHz
CPU Power,703 mW
GPU Power,2868 mW
GPU HW active frequency,838 MHz
GPU Power,2868 mW
E-Cluster HW active frequency,953 MHz
P-Cluster HW active frequency,1284 MHz
CPU Power,679 mW
GPU Power,2842 mW
GPU HW active frequency,837 MHz
GPU Power,2842 mW
E-Cluster HW active frequency,945 MHz
P-Cluster HW active frequency,1372 MHz
CPU Power,703 mW
GPU Power,2827 mW
GPU HW active frequency,835 MHz
GPU Power,2827 mW
E-Cluster HW active frequency,947 MHz
P-Cluster HW active frequency,1331 MHz
CPU Power,740 mW
GPU Power,2842 mW
GPU HW active frequency,834 MHz
GPU Power,2842 mW
E-Cluster HW active frequency,953 MHz
P-Cluster HW active frequency,1281 MHz
CPU Power,639 mW
GPU Power,2861 mW
GPU HW active frequency,833 MHz
GPU Power,2861 mW
E-Cluster HW active frequency,971 MHz
P-Cluster HW active frequency,1440 MHz
CPU Power,784 mW
GPU Power,2808 mW
GPU HW active frequency,833 MHz
GPU Power,2834 mW
E-Cluster HW active frequency,950 MHz
P-Cluster HW active frequency,1283 MHz
CPU Power,674 mW
GPU Power,2834 mW
GPU HW active frequency,833 MHz
GPU Power,2808 mW
E-Cluster HW active frequency,944 MHz
P-Cluster HW active frequency,1360 MHz
CPU Power,696 mW
GPU Power,2818 mW
GPU HW active frequency,834 MHz
GPU Power,2818 mW
E-Cluster HW active frequency,949 MHz
P-Cluster HW active frequency,1265 MHz
CPU Power,680 mW
GPU Power,2904 mW
GPU HW active frequency,837 MHz
GPU Power,2904 mW
E-Cluster HW active frequency,1032 MHz
P-Cluster HW active frequency,1324 MHz
CPU Power,762 mW
GPU Power,2864 mW
GPU HW active frequency,840 MHz
GPU Power,2864 mW
E-Cluster HW active frequency,1477 MHz
P-Cluster HW active frequency,1345 MHz
CPU Power,983 mW
GPU Power,2813 mW
GPU HW active frequency,832 MHz
GPU Power,2813 mW
E-Cluster HW active frequency,959 MHz
P-Cluster HW active frequency,1377 MHz
CPU Power,743 mW
GPU Power,2777 mW
GPU HW active frequency,824 MHz
GPU Power,2777 mW
E-Cluster HW active frequency,947 MHz
P-Cluster HW active frequency,1307 MHz
CPU Power,680 mW
GPU Power,2741 mW
GPU HW active frequency,822 MHz
GPU Power,2741 mW
E-Cluster HW active frequency,947 MHz
P-Cluster HW active frequency,1286 MHz
CPU Power,677 mW
GPU Power,2840 mW
GPU HW active frequency,831 MHz
GPU Power,2840 mW
E-Cluster HW active frequency,945 MHz
P-Cluster HW active frequency,1373 MHz
CPU Power,693 mW
GPU Power,2821 mW
GPU HW active frequency,831 MHz
GPU Power,2821 mW
E-Cluster HW active frequency,947 MHz
P-Cluster HW active frequency,1373 MHz
CPU Power,692 mW
GPU Power,2799 mW
GPU HW active frequency,831 MHz
GPU Power,2799 mW
E-Cluster HW active frequency,949 MHz
P-Cluster HW active frequency,1368 MHz
CPU Power,734 mW
GPU Power,2772 mW
GPU HW active frequency,827 MHz
GPU Power,2772 mW
E-Cluster HW active frequency,951 MHz
P-Cluster HW active frequency,1257 MHz
CPU Power,618 mW
GPU Power,2821 mW
GPU HW active frequency,825 MHz
GPU Power,2821 mW
E-Cluster HW active frequency,1142 MHz
P-Cluster HW active frequency,1371 MHz
CPU Power,928 mW
GPU Power,2719 mW
GPU HW active frequency,819 MHz
GPU Power,2719 mW
E-Cluster HW active frequency,948 MHz
P-Cluster HW active frequency,1365 MHz
CPU Power,697 mW
GPU Power,2672 mW
GPU HW active frequency,812 MHz
GPU Power,2696 mW
E-Cluster HW active frequency,947 MHz
P-Cluster HW active frequency,1297 MHz
CPU Power,715 mW
GPU Power,2695 mW
GPU HW active frequency,812 MHz
GPU Power,2671 mW
E-Cluster HW active frequency,950 MHz
P-Cluster HW active frequency,1290 MHz
CPU Power,673 mW
GPU Power,2742 mW
GPU HW active frequency,816 MHz
GPU Power,2742 mW
E-Cluster HW active frequency,949 MHz
P-Cluster HW active frequency,1359 MHz
CPU Power,723 mW
GPU Power,2716 mW
GPU HW active frequency,818 MHz
GPU Power,2737 mW
E-Cluster HW active frequency,946 MHz
P-Cluster HW active frequency,1369 MHz
CPU Power,726 mW
GPU Power,2747 mW
GPU HW active frequency,820 MHz
GPU Power,2726 mW
E-Cluster HW active frequency,945 MHz
P-Cluster HW active frequency,1325 MHz
CPU Power,714 mW
GPU Power,2708 mW
GPU HW active frequency,817 MHz
GPU Power,2708 mW
E-Cluster HW active frequency,940 MHz
P-Cluster HW active frequency,1292 MHz
CPU Power,609 mW
GPU Power,2745 mW
GPU HW active frequency,817 MHz
GPU Power,2769 mW
E-Cluster HW active frequency,950 MHz
P-Cluster HW active frequency,1382 MHz
CPU Power,719 mW
GPU Power,2735 mW
GPU HW active frequency,819 MHz
GPU Power,2711 mW
E-Cluster HW active frequency,947 MHz
P-Cluster HW active frequency,1353 MHz
CPU Power,701 mW
GPU Power,2712 mW
GPU HW active frequency,818 MHz
GPU Power,2712 mW
E-Cluster HW active frequency,951 MHz
P-Cluster HW active frequency,1339 MHz
CPU Power,747 mW
GPU Power,2722 mW
GPU HW active frequency,817 MHz
GPU Power,2722 mW
E-Cluster HW active frequency,941 MHz
P-Cluster HW active frequency,1271 MHz
CPU Power,612 mW
GPU Power,2740 mW
GPU HW active frequency,815 MHz
GPU Power,2740 mW
E-Cluster HW active frequency,944 MHz
P-Cluster HW active frequency,1390 MHz
CPU Power,691 mW
GPU Power,2702 mW
GPU HW active frequency,817 MHz
GPU Power,2702 mW
E-Cluster HW active frequency,953 MHz
P-Cluster HW active frequency,1228 MHz
CPU Power,644 mW
GPU Power,2735 mW
GPU HW active frequency,818 MHz
GPU Power,2735 mW
E-Cluster HW active frequency,950 MHz
P-Cluster HW active frequency,1335 MHz
CPU Power,727 mW
GPU Power,2717 mW
GPU HW active frequency,820 MHz
GPU Power,2717 mW
E-Cluster HW active frequency,947 MHz
P-Cluster HW active frequency,1278 MHz
CPU Power,650 mW
GPU Power,2755 mW
GPU HW active frequency,819 MHz
GPU Power,2755 mW
E-Cluster HW active frequency,952 MHz
P-Cluster HW active frequency,1353 MHz
CPU Power,702 mW
GPU Power,2747 mW
GPU HW active frequency,819 MHz
GPU Power,2747 mW
E-Cluster HW active frequency,979 MHz
P-Cluster HW active frequency,1385 MHz
CPU Power,777 mW
GPU Power,2724 mW
GPU HW active frequency,820 MHz
GPU Power,2724 mW
E-Cluster HW active frequency,950 MHz
P-Cluster HW active frequency,1327 MHz
CPU Power,761 mW
GPU Power,2695 mW
GPU HW active frequency,817 MHz
GPU Power,2695 mW
E-Cluster HW active frequency,944 MHz
P-Cluster HW active frequency,1269 MHz
CPU Power,620 mW
GPU Power,2755 mW
GPU HW active frequency,815 MHz
GPU Power,2755 mW
E-Cluster HW active frequency,952 MHz
P-Cluster HW active frequency,1349 MHz
CPU Power,681 mW
GPU Power,2732 mW
GPU HW active frequency,821 MHz
GPU Power,2732 mW
E-Cluster HW active frequency,940 MHz
P-Cluster HW active frequency,1365 MHz
CPU Power,691 mW
GPU Power,2741 mW
GPU HW active frequency,823 MHz
GPU Power,2741 mW
E-Cluster HW active frequency,945 MHz
P-Cluster HW active frequency,1340 MHz
CPU Power,707 mW
GPU Power,2779 mW
GPU HW active frequency,825 MHz
GPU Power,2779 mW
E-Cluster HW active frequency,985 MHz
P-Cluster HW active frequency,1318 MHz
CPU Power,703 mW
GPU Power,2762 mW
GPU HW active frequency,823 MHz
GPU Power,2762 mW
E-Cluster HW active frequency,978 MHz
P-Cluster HW active frequency,1312 MHz
CPU Power,686 mW
GPU Power,2769 mW
GPU HW active frequency,823 MHz
GPU Power,2792 mW
E-Cluster HW active frequency,955 MHz
P-Cluster HW active frequency,1277 MHz
CPU Power,655 mW
GPU Power,2758 mW
GPU HW active frequency,822 MHz
GPU Power,2735 mW
E-Cluster HW active frequency,989 MHz
P-Cluster HW active frequency,1365 MHz
CPU Power,758 mW
GPU Power,2721 mW
GPU HW active frequency,822 MHz
GPU Power,2721 mW
E-Cluster HW active frequency,1031 MHz
P-Cluster HW active frequency,1465 MHz
CPU Power,959 mW
GPU Power,2782 mW
GPU HW active frequency,816 MHz
GPU Power,2782 mW
E-Cluster HW active frequency,950 MHz
P-Cluster HW active frequency,1348 MHz
CPU Power,638 mW
GPU Power,2691 mW
GPU HW active frequency,790 MHz
GPU Power,2691 mW
E-Cluster HW active frequency,994 MHz
P-Cluster HW active frequency,1313 MHz
CPU Power,651 mW
GPU Power,2751 mW
GPU HW active frequency,805 MHz
GPU Power,2751 mW
E-Cluster HW active frequency,950 MHz
P-Cluster HW active frequency,1318 MHz
CPU Power,639 mW
GPU Power,2842 mW
GPU HW active frequency,816 MHz
GPU Power,2842 mW
E-Cluster HW active frequency,949 MHz
P-Cluster HW active frequency,1324 MHz
CPU Power,628 mW
GPU Power,2844 mW
GPU HW active frequency,820 MHz
GPU Power,2844 mW
E-Cluster HW active frequency,949 MHz
P-Cluster HW active frequency,1286 MHz
CPU Power,617 mW
GPU Power,2892 mW
GPU HW active frequency,826 MHz
GPU Power,2892 mW
E-Cluster HW active frequency,954 MHz
P-Cluster HW active frequency,1362 MHz
CPU Power,670 mW
GPU Power,2907 mW
GPU HW active frequency,825 MHz
GPU Power,2907 mW
E-Cluster HW active frequency,989 MHz
P-Cluster HW active frequency,1297 MHz
CPU Power,629 mW
GPU Power,2882 mW
GPU HW active frequency,824 MHz
GPU Power,2882 mW
E-Cluster HW active frequency,949 MHz
P-Cluster HW active frequency,1323 MHz
CPU Power,659 mW
GPU Power,2869 mW
GPU HW active frequency,823 MHz
GPU Power,2869 mW
E-Cluster HW active frequency,949 MHz
P-Cluster HW active frequency,1295 MHz
CPU Power,623 mW
GPU Power,2886 mW
GPU HW active frequency,821 MHz
GPU Power,2886 mW
E-Cluster HW active frequency,947 MHz
P-Cluster HW active frequency,1332 MHz
CPU Power,626 mW
GPU Power,2858 mW
GPU HW active frequency,821 MHz
GPU Power,2858 mW
E-Cluster HW active frequency,967 MHz
P-Cluster HW active frequency,1326 MHz
CPU Power,662 mW
GPU Power,2870 mW
GPU HW active frequency,822 MHz
GPU Power,2870 mW
E-Cluster HW active frequency,950 MHz
P-Cluster HW active frequency,1314 MHz
CPU Power,618 mW
GPU Power,2890 mW
GPU HW active frequency,822 MHz
GPU Power,2890 mW
E-Cluster HW active frequency,953 MHz
P-Cluster HW active frequency,1331 MHz
CPU Power,669 mW
GPU Power,2868 mW
GPU HW active frequency,822 MHz
GPU Power,2868 mW
E-Cluster HW active frequency,943 MHz
P-Cluster HW active frequency,1286 MHz
CPU Power,611 mW
GPU Power,2856 mW
GPU HW active frequency,820 MHz
GPU Power,2856 mW
E-Cluster HW active frequency,966 MHz
P-Cluster HW active frequency,1323 MHz
CPU Power,656 mW
GPU Power,2875 mW
GPU HW active frequency,820 MHz
GPU Power,2875 mW
E-Cluster HW active frequency,948 MHz
P-Cluster HW active frequency,1339 MHz
CPU Power,648 mW
GPU Power,2810 mW
GPU HW active frequency,813 MHz
GPU Power,2810 mW
E-Cluster HW active frequency,952 MHz
P-Cluster HW active frequency,1314 MHz
CPU Power,671 mW
GPU Power,2779 mW
GPU HW active frequency,809 MHz
GPU Power,2779 mW
E-Cluster HW active frequency,949 MHz
P-Cluster HW active frequency,1354 MHz
CPU Power,659 mW
GPU Power,2787 mW
GPU HW active frequency,808 MHz
GPU Power,2787 mW
E-Cluster HW active frequency,949 MHz
P-Cluster HW active frequency,1277 MHz
CPU Power,605 mW
GPU Power,2738 mW
GPU HW active frequency,801 MHz
GPU Power,2738 mW
E-Cluster HW active frequency,973 MHz
P-Cluster HW active frequency,1348 MHz
CPU Power,728 mW
GPU Power,2730 mW
GPU HW active frequency,799 MHz
GPU Power,2753 mW
E-Cluster HW active frequency,951 MHz
P-Cluster HW active frequency,1303 MHz
CPU Power,638 mW
GPU Power,2715 mW
GPU HW active frequency,790 MHz
GPU Power,2692 mW
E-Cluster HW active frequency,946 MHz
P-Cluster HW active frequency,1290 MHz
CPU Power,602 mW
GPU Power,2687 mW
GPU HW active frequency,789 MHz
GPU Power,2687 mW
E-Cluster HW active frequency,950 MHz
P-Cluster HW active frequency,1343 MHz
CPU Power,661 mW
GPU Power,2679 mW
GPU HW active frequency,788 MHz
GPU Power,2702 mW
E-Cluster HW active frequency,1069 MHz
P-Cluster HW active frequency,1694 MHz
CPU Power,1162 mW
GPU Power,2465 mW
GPU HW active frequency,822 MHz
GPU Power,2442 mW
E-Cluster HW active frequency,1046 MHz
P-Cluster HW active frequency,1266 MHz
CPU Power,776 mW
GPU Power,2597 mW
GPU HW active frequency,795 MHz
GPU Power,2597 mW
E-Cluster HW active frequency,1222 MHz
P-Cluster HW active frequency,1418 MHz
CPU Power,1043 mW
GPU Power,2400 mW
GPU HW active frequency,739 MHz
GPU Power,2400 mW
E-Cluster HW active frequency,1069 MHz
P-Cluster HW active frequency,1311 MHz
CPU Power,883 mW
GPU Power,2270 mW
GPU HW active frequency,704 MHz
GPU Power,2270 mW
E-Cluster HW active frequency,995 MHz
P-Cluster HW active frequency,1346 MHz
CPU Power,1089 mW
GPU Power,2169 mW
GPU HW active frequency,685 MHz
GPU Power,2169 mW
E-Cluster HW active frequency,982 MHz
P-Cluster HW active frequency,1211 MHz
CPU Power,813 mW
GPU Power,2157 mW
GPU HW active frequency,673 MHz
GPU Power,2157 mW
E-Cluster HW active frequency,961 MHz
P-Cluster HW active frequency,1294 MHz
CPU Power,876 mW
GPU Power,2153 mW
GPU HW active frequency,683 MHz
GPU Power,2153 mW
E-Cluster HW active frequency,947 MHz
P-Cluster HW active frequency,1262 MHz
CPU Power,775 mW
GPU Power,2220 mW
GPU HW active frequency,692 MHz
GPU Power,2220 mW
E-Cluster HW active frequency,941 MHz
P-Cluster HW active frequency,1296 MHz
CPU Power,825 mW
GPU Power,2249 mW
GPU HW active frequency,704 MHz
GPU Power,2249 mW
E-Cluster HW active frequency,1384 MHz
P-Cluster HW active frequency,1216 MHz
CPU Power,1141 mW
GPU Power,2288 mW
GPU HW active frequency,709 MHz
GPU Power,2288 mW
E-Cluster HW active frequency,1081 MHz
P-Cluster HW active frequency,1246 MHz
CPU Power,942 mW
GPU Power,2179 mW
GPU HW active frequency,690 MHz
GPU Power,2179 mW
E-Cluster HW active frequency,1047 MHz
P-Cluster HW active frequency,1208 MHz
CPU Power,740 mW
GPU Power,2191 mW
GPU HW active frequency,680 MHz
GPU Power,2191 mW
E-Cluster HW active frequency,1222 MHz
P-Cluster HW active frequency,1570 MHz
CPU Power,1465 mW
GPU Power,2100 mW
GPU HW active frequency,670 MHz
GPU Power,2100 mW
E-Cluster HW active frequency,1019 MHz
P-Cluster HW active frequency,1470 MHz
CPU Power,1055 mW
GPU Power,2063 mW
GPU HW active frequency,653 MHz
GPU Power,2063 mW
E-Cluster HW active frequency,961 MHz
P-Cluster HW active frequency,1369 MHz
CPU Power,746 mW
GPU Power,2154 mW
GPU HW active frequency,679 MHz
GPU Power,2154 mW
E-Cluster HW active frequency,1274 MHz
P-Cluster HW active frequency,1260 MHz
CPU Power,774 mW
GPU Power,2292 mW
GPU HW active frequency,711 MHz
GPU Power,2292 mW
E-Cluster HW active frequency,1156 MHz
P-Cluster HW active frequency,1282 MHz
CPU Power,799 mW
GPU Power,2347 mW
GPU HW active frequency,735 MHz
GPU Power,2347 mW
E-Cluster HW active frequency,949 MHz
P-Cluster HW active frequency,1383 MHz
CPU Power,726 mW
GPU Power,2410 mW
GPU HW active frequency,748 MHz
GPU Power,2410 mW
E-Cluster HW active frequency,941 MHz
P-Cluster HW active frequency,1288 MHz
CPU Power,618 mW
GPU Power,2509 mW
GPU HW active frequency,767 MHz
GPU Power,2509 mW
E-Cluster HW active frequency,945 MHz
P-Cluster HW active frequency,1325 MHz
CPU Power,722 mW
GPU Power,2501 mW
GPU HW active frequency,774 MHz
GPU Power,2501 mW
E-Cluster HW active frequency,945 MHz
P-Cluster HW active frequency,1358 MHz
CPU Power,683 mW
GPU Power,2518 mW
GPU HW active frequency,774 MHz
GPU Power,2518 mW
E-Cluster HW active frequency,947 MHz
P-Cluster HW active frequency,1261 MHz
CPU Power,618 mW
GPU Power,2548 mW
GPU HW active frequency,777 MHz
GPU Power,2548 mW
E-Cluster HW active frequency,960 MHz
P-Cluster HW active frequency,1239 MHz
CPU Power,671 mW
GPU Power,2539 mW
GPU HW active frequency,785 MHz
GPU Power,2560 mW
E-Cluster HW active frequency,944 MHz
P-Cluster HW active frequency,1346 MHz
CPU Power,688 mW
GPU Power,2573 mW
GPU HW active frequency,788 MHz
GPU Power,2552 mW
E-Cluster HW active frequency,944 MHz
P-Cluster HW active frequency,1295 MHz
CPU Power,642 mW
GPU Power,2604 mW
GPU HW active frequency,792 MHz
GPU Power,2604 mW
E-Cluster HW active frequency,964 MHz
P-Cluster HW active frequency,1388 MHz
CPU Power,752 mW
GPU Power,2577 mW
GPU HW active frequency,793 MHz
GPU Power,2599 mW
E-Cluster HW active frequency,1187 MHz
P-Cluster HW active frequency,1952 MHz
CPU Power,2485 mW
GPU Power,2579 mW
GPU HW active frequency,788 MHz
GPU Power,2557 mW
E-Cluster HW active frequency,1050 MHz
P-Cluster HW active frequency,1475 MHz
CPU Power,1098 mW
GPU Power,2156 mW
GPU HW active frequency,672 MHz
GPU Power,2156 mW
E-Cluster HW active frequency,1015 MHz
P-Cluster HW active frequency,1260 MHz
CPU Power,845 mW
GPU Power,2044 mW
GPU HW active frequency,652 MHz
GPU Power,2044 mW
E-Cluster HW active frequency,1113 MHz
P-Cluster HW active frequency,1332 MHz
CPU Power,1120 mW
GPU Power,2249 mW
GPU HW active frequency,700 MHz
GPU Power,2249 mW
E-Cluster HW active frequency,1104 MHz
P-Cluster HW active frequency,1320 MHz
CPU Power,917 mW
GPU Power,2308 mW
GPU HW active frequency,723 MHz
GPU Power,2308 mW
E-Cluster HW active frequency,940 MHz
P-Cluster HW active frequency,1249 MHz
CPU Power,607 mW
GPU Power,2456 mW
GPU HW active frequency,748 MHz
GPU Power,2456 mW
E-Cluster HW active frequency,1065 MHz
P-Cluster HW active frequency,1423 MHz
CPU Power,833 mW
GPU Power,2502 mW
GPU HW active frequency,774 MHz
GPU Power,2502 mW
E-Cluster HW active frequency,957 MHz
P-Cluster HW active frequency,1330 MHz
CPU Power,710 mW
GPU Power,2498 mW
GPU HW active frequency,772 MHz
GPU Power,2498 mW
E-Cluster HW active frequency,1491 MHz
P-Cluster HW active frequency,1236 MHz
CPU Power,1012 mW
GPU Power,2474 mW
GPU HW active frequency,753 MHz
GPU Power,2474 mW
E-Cluster HW active frequency,1060 MHz
P-Cluster HW active frequency,1294 MHz
CPU Power,858 mW
GPU Power,2359 mW
GPU HW active frequency,737 MHz
GPU Power,2359 mW
E-Cluster HW active frequency,976 MHz
P-Cluster HW active frequency,1529 MHz
CPU Power,1051 mW
GPU Power,2331 mW
GPU HW active frequency,731 MHz
GPU Power,2331 mW
E-Cluster HW active frequency,973 MHz
P-Cluster HW active frequency,1291 MHz
CPU Power,657 mW
GPU Power,2355 mW
GPU HW active frequency,723 MHz
GPU Power,2355 mW
E-Cluster HW active frequency,977 MHz
P-Cluster HW active frequency,1299 MHz
CPU Power,729 mW
GPU Power,2342 mW
GPU HW active frequency,732 MHz
GPU Power,2342 mW
E-Cluster HW active frequency,987 MHz
P-Cluster HW active frequency,1501 MHz
CPU Power,1061 mW
GPU Power,2395 mW
GPU HW active frequency,738 MHz
GPU Power,2395 mW
E-Cluster HW active frequency,947 MHz
P-Cluster HW active frequency,1292 MHz
CPU Power,679 mW
GPU Power,2316 mW
GPU HW active frequency,721 MHz
GPU Power,2316 mW
E-Cluster HW active frequency,944 MHz
P-Cluster HW active frequency,1339 MHz
CPU Power,672 mW
GPU Power,2311 mW
GPU HW active frequency,725 MHz
GPU Power,2311 mW
E-Cluster HW active frequency,1119 MHz
P-Cluster HW active frequency,1325 MHz
CPU Power,736 mW
GPU Power,2375 mW
GPU HW active frequency,733 MHz
GPU Power,2375 mW
E-Cluster HW active frequency,1052 MHz
P-Cluster HW active frequency,1274 MHz
CPU Power,831 mW
GPU Power,2320 mW
GPU HW active frequency,725 MHz
GPU Power,2320 mW
E-Cluster HW active frequency,1505 MHz
P-Cluster HW active frequency,1819 MHz
CPU Power,2020 mW
GPU Power,2268 mW
GPU HW active frequency,705 MHz
GPU Power,2268 mW
E-Cluster HW active frequency,1514 MHz
P-Cluster HW active frequency,1622 MHz
CPU Power,1510 mW
GPU Power,1840 mW
GPU HW active frequency,607 MHz
GPU Power,1840 mW
E-Cluster HW active frequency,1059 MHz
P-Cluster HW active frequency,1245 MHz
CPU Power,877 mW
GPU Power,1729 mW
GPU HW active frequency,567 MHz
GPU Power,1729 mW
E-Cluster HW active frequency,1034 MHz
P-Cluster HW active frequency,1369 MHz
CPU Power,954 mW
GPU Power,1888 mW
GPU HW active frequency,609 MHz
GPU Power,1888 mW
E-Cluster HW active frequency,1213 MHz
P-Cluster HW active frequency,1514 MHz
CPU Power,1689 mW
GPU Power,1894 mW
GPU HW active frequency,613 MHz
GPU Power,1894 mW
E-Cluster HW active frequency,1890 MHz
P-Cluster HW active frequency,1842 MHz
CPU Power,2381 mW
GPU Power,1881 mW
GPU HW active frequency,604 MHz
GPU Power,1881 mW
E-Cluster HW active frequency,1217 MHz
P-Cluster HW active frequency,1473 MHz
CPU Power,1563 mW
GPU Power,1558 mW
GPU HW active frequency,514 MHz
GPU Power,1558 mW
E-Cluster HW active frequency,995 MHz
P-Cluster HW active frequency,1381 MHz
CPU Power,911 mW
GPU Power,1647 mW
GPU HW active frequency,541 MHz
GPU Power,1647 mW
E-Cluster HW active frequency,1077 MHz
P-Cluster HW active frequency,1279 MHz
CPU Power,962 mW
GPU Power,1932 mW
GPU HW active frequency,628 MHz
GPU Power,1932 mW
E-Cluster HW active frequency,1005 MHz
P-Cluster HW active frequency,1255 MHz
CPU Power,830 mW
GPU Power,2152 mW
GPU HW active frequency,675 MHz
GPU Power,2152 mW
E-Cluster HW active frequency,967 MHz
P-Cluster HW active frequency,1245 MHz
CPU Power,832 mW
GPU Power,2235 mW
GPU HW active frequency,701 MHz
GPU Power,2235 mW
E-Cluster HW active frequency,950 MHz
P-Cluster HW active frequency,1263 MHz
CPU Power,611 mW
GPU Power,2331 mW
GPU HW active frequency,723 MHz
GPU Power,2331 mW
E-Cluster HW active frequency,981 MHz
P-Cluster HW active frequency,1477 MHz
CPU Power,854 mW
GPU Power,2392 mW
GPU HW active frequency,746 MHz
GPU Power,2392 mW
E-Cluster HW active frequency,1011 MHz
P-Cluster HW active frequency,1400 MHz
CPU Power,763 mW
GPU Power,2401 mW
GPU HW active frequency,745 MHz
GPU Power,2401 mW
E-Cluster HW active frequency,944 MHz
P-Cluster HW active frequency,1279 MHz
CPU Power,604 mW
GPU Power,2453 mW
GPU HW active frequency,753 MHz
GPU Power,2453 mW
E-Cluster HW active frequency,954 MHz
P-Cluster HW active frequency,1439 MHz
CPU Power,991 mW
GPU Power,2500 mW
GPU HW active frequency,773 MHz
GPU Power,2522 mW
E-Cluster HW active frequency,942 MHz
P-Cluster HW active frequency,1377 MHz
CPU Power,721 mW
GPU Power,2514 mW
GPU HW active frequency,771 MHz
GPU Power,2492 mW
E-Cluster HW active frequency,951 MHz
P-Cluster HW active frequency,1201 MHz
CPU Power,576 mW
GPU Power,2553 mW
GPU HW active frequency,779 MHz
GPU Power,2553 mW
E-Cluster HW active frequency,984 MHz
P-Cluster HW active frequency,1416 MHz
CPU Power,851 mW
GPU Power,2598 mW
GPU HW active frequency,793 MHz
GPU Power,2598 mW
E-Cluster HW active frequency,944 MHz
P-Cluster HW active frequency,1383 MHz
CPU Power,692 mW
GPU Power,2622 mW
GPU HW active frequency,806 MHz
GPU Power,2622 mW
E-Cluster HW active frequency,944 MHz
P-Cluster HW active frequency,1310 MHz
CPU Power,660 mW
GPU Power,2751 mW
GPU HW active frequency,821 MHz
GPU Power,2751 mW
E-Cluster HW active frequency,943 MHz
P-Cluster HW active frequency,1361 MHz
CPU Power,680 mW
GPU Power,2815 mW
GPU HW active frequency,830 MHz
GPU Power,2815 mW
E-Cluster HW active frequency,942 MHz
P-Cluster HW active frequency,1335 MHz
CPU Power,686 mW
GPU Power,2810 mW
GPU HW active frequency,834 MHz
GPU Power,2810 mW
E-Cluster HW active frequency,948 MHz
P-Cluster HW active frequency,1404 MHz
CPU Power,725 mW
GPU Power,2823 mW
GPU HW active frequency,837 MHz
GPU Power,2823 mW
E-Cluster HW active frequency,952 MHz
P-Cluster HW active frequency,1356 MHz
CPU Power,678 mW
GPU Power,2853 mW
GPU HW active frequency,838 MHz
GPU Power,2853 mW
E-Cluster HW active frequency,952 MHz
P-Cluster HW active frequency,1144 MHz
CPU Power,570 mW
GPU Power,2901 mW
GPU HW active frequency,841 MHz
GPU Power,2901 mW
E-Cluster HW active frequency,947 MHz
P-Cluster HW active frequency,1277 MHz
CPU Power,694 mW
GPU Power,2860 mW
GPU HW active frequency,841 MHz
GPU Power,2860 mW
E-Cluster HW active frequency,943 MHz
P-Cluster HW active frequency,1376 MHz
CPU Power,696 mW
GPU Power,2880 mW
GPU HW active frequency,841 MHz
GPU Power,2880 mW
E-Cluster HW active frequency,962 MHz
P-Cluster HW active frequency,1408 MHz
CPU Power,749 mW
GPU Power,2839 mW
GPU HW active frequency,838 MHz
GPU Power,2839 mW
E-Cluster HW active frequency,946 MHz
P-Cluster HW active frequency,1362 MHz
CPU Power,690 mW
GPU Power,2828 mW
GPU HW active frequency,837 MHz
GPU Power,2828 mW
E-Cluster HW active frequency,946 MHz
P-Cluster HW active frequency,1248 MHz
CPU Power,616 mW
GPU Power,2923 mW
GPU HW active frequency,840 MHz
GPU Power,2923 mW
E-Cluster HW active frequency,956 MHz
P-Cluster HW active frequency,1264 MHz
CPU Power,784 mW
GPU Power,2843 mW
GPU HW active frequency,838 MHz
GPU Power,2843 mW
E-Cluster HW active frequency,948 MHz
P-Cluster HW active frequency,1372 MHz
CPU Power,715 mW
GPU Power,2816 mW
GPU HW active frequency,835 MHz
GPU Power,2816 mW
E-Cluster HW active frequency,949 MHz
P-Cluster HW active frequency,1371 MHz
CPU Power,709 mW
GPU Power,2832 mW
GPU HW active frequency,833 MHz
GPU Power,2832 mW
E-Cluster HW active frequency,938 MHz
P-Cluster HW active frequency,1290 MHz
CPU Power,628 mW
GPU Power,2848 mW
GPU HW active frequency,833 MHz
GPU Power,2848 mW
E-Cluster HW active frequency,974 MHz
P-Cluster HW active frequency,1199 MHz
CPU Power,621 mW
GPU Power,2865 mW
GPU HW active frequency,838 MHz
GPU Power,2865 mW
E-Cluster HW active frequency,950 MHz
P-Cluster HW active frequency,1371 MHz
CPU Power,678 mW
GPU Power,2870 mW
GPU HW active frequency,843 MHz
GPU Power,2870 mW
E-Cluster HW active frequency,940 MHz
P-Cluster HW active frequency,1368 MHz
CPU Power,689 mW
GPU Power,2888 mW
GPU HW active frequency,845 MHz
GPU Power,2888 mW
E-Cluster HW active frequency,945 MHz
P-Cluster HW active frequency,1367 MHz
CPU Power,716 mW
GPU Power,2900 mW
GPU HW active frequency,843 MHz
GPU Power,2900 mW
E-Cluster HW active frequency,941 MHz
P-Cluster HW active frequency,1298 MHz
CPU Power,609 mW
GPU Power,2899 mW
GPU HW active frequency,840 MHz
GPU Power,2899 mW
E-Cluster HW active frequency,946 MHz
P-Cluster HW active frequency,1312 MHz
CPU Power,728 mW
GPU Power,2859 mW
GPU HW active frequency,840 MHz
GPU Power,2879 mW
E-Cluster HW active frequency,941 MHz
P-Cluster HW active frequency,1368 MHz
CPU Power,684 mW
GPU Power,2873 mW
GPU HW active frequency,841 MHz
GPU Power,2852 mW
E-Cluster HW active frequency,976 MHz
P-Cluster HW active frequency,1382 MHz
CPU Power,798 mW
GPU Power,2862 mW
GPU HW active frequency,842 MHz
GPU Power,2862 mW
E-Cluster HW active frequency,948 MHz
P-Cluster HW active frequency,1393 MHz
CPU Power,718 mW
GPU Power,2858 mW
GPU HW active frequency,836 MHz
GPU Power,2858 mW
E-Cluster HW active frequency,941 MHz
P-Cluster HW active frequency,1274 MHz
CPU Power,604 mW
GPU Power,2881 mW
GPU HW active frequency,837 MHz
GPU Power,2881 mW
E-Cluster HW active frequency,947 MHz
P-Cluster HW active frequency,1330 MHz
CPU Power,711 mW
GPU Power,2864 mW
GPU HW active frequency,842 MHz
GPU Power,2864 mW
E-Cluster HW active frequency,943 MHz
P-Cluster HW active frequency,1371 MHz
CPU Power,684 mW
GPU Power,2895 mW
GPU HW active frequency,842 MHz
GPU Power,2895 mW
E-Cluster HW active frequency,944 MHz
P-Cluster HW active frequency,1345 MHz
CPU Power,679 mW
GPU Power,2874 mW
GPU HW active frequency,842 MHz
GPU Power,2874 mW
E-Cluster HW active frequency,956 MHz
P-Cluster HW active frequency,1368 MHz
CPU Power,721 mW
GPU Power,2849 mW
GPU HW active frequency,839 MHz
GPU Power,2849 mW
E-Cluster HW active frequency,948 MHz
P-Cluster HW active frequency,1266 MHz
CPU Power,620 mW
GPU Power,2914 mW
GPU HW active frequency,839 MHz
GPU Power,2914 mW
E-Cluster HW active frequency,947 MHz
P-Cluster HW active frequency,1368 MHz
CPU Power,727 mW
GPU Power,2853 mW
GPU HW active frequency,839 MHz
GPU Power,2853 mW
E-Cluster HW active frequency,945 MHz
P-Cluster HW active frequency,1376 MHz
CPU Power,697 mW
GPU Power,2841 mW
GPU HW active frequency,838 MHz
GPU Power,2841 mW
E-Cluster HW active frequency,947 MHz
P-Cluster HW active frequency,1373 MHz
CPU Power,701 mW
GPU Power,2872 mW
GPU HW active frequency,839 MHz
GPU Power,2872 mW
E-Cluster HW active frequency,948 MHz
P-Cluster HW active frequency,1308 MHz
CPU Power,667 mW
GPU Power,2866 mW
GPU HW active frequency,837 MHz
GPU Power,2866 mW
E-Cluster HW active frequency,949 MHz
P-Cluster HW active frequency,1276 MHz
CPU Power,685 mW
GPU Power,2851 mW
GPU HW active frequency,837 MHz
GPU Power,2851 mW
E-Cluster HW active frequency,948 MHz
P-Cluster HW active frequency,1373 MHz
CPU Power,725 mW
GPU Power,2846 mW
GPU HW active frequency,834 MHz
GPU Power,2846 mW
E-Cluster HW active frequency,944 MHz
P-Cluster HW active frequency,1381 MHz
CPU Power,698 mW
GPU Power,2791 mW
GPU HW active frequency,830 MHz
GPU Power,2791 mW
E-Cluster HW active frequency,949 MHz
P-Cluster HW active frequency,1341 MHz
CPU Power,702 mW
GPU Power,2774 mW
GPU HW active frequency,827 MHz
GPU Power,2795 mW
E-Cluster HW active frequency,969 MHz
P-Cluster HW active frequency,1144 MHz
CPU Power,628 mW
GPU Power,2831 mW
GPU HW active frequency,826 MHz
GPU Power,2809 mW
E-Cluster HW active frequency,943 MHz
P-Cluster HW active frequency,1395 MHz
CPU Power,697 mW
GPU Power,2785 mW
GPU HW active frequency,829 MHz
GPU Power,2785 mW
E-Cluster HW active frequency,949 MHz
P-Cluster HW active frequency,1373 MHz
CPU Power,741 mW
GPU Power,2798 mW
GPU HW active frequency,828 MHz
GPU Power,2798 mW
E-Cluster HW active frequency,947 MHz
P-Cluster HW active frequency,1334 MHz
CPU Power,699 mW
GPU Power,2748 mW
GPU HW active frequency,824 MHz
GPU Power,2748 mW
E-Cluster HW active frequency,941 MHz
P-Cluster HW active frequency,1243 MHz
CPU Power,681 mW
GPU Power,2777 mW
GPU HW active frequency,822 MHz
GPU Power,2777 mW
E-Cluster HW active frequency,955 MHz
P-Cluster HW active frequency,1185 MHz
CPU Power,625 mW
GPU Power,2757 mW
GPU HW active frequency,822 MHz
GPU Power,2757 mW
E-Cluster HW active frequency,943 MHz
P-Cluster HW active frequency,1386 MHz
CPU Power,715 mW
GPU Power,2738 mW
GPU HW active frequency,823 MHz
GPU Power,2738 mW
E-Cluster HW active frequency,949 MHz
P-Cluster HW active frequency,1341 MHz
CPU Power,739 mW
GPU Power,2733 mW
GPU HW active frequency,822 MHz
GPU Power,2733 mW
E-Cluster HW active frequency,939 MHz
P-Cluster HW active frequency,1263 MHz
CPU Power,643 mW
GPU Power,2754 mW
GPU HW active frequency,817 MHz
GPU Power,2754 mW
E-Cluster HW active frequency,944 MHz
P-Cluster HW active frequency,1336 MHz
CPU Power,725 mW
GPU Power,2714 mW
GPU HW active frequency,817 MHz
GPU Power,2714 mW
E-Cluster HW active frequency,979 MHz
P-Cluster HW active frequency,1357 MHz
CPU Power,828 mW
GPU Power,2684 mW
GPU HW active frequency,815 MHz
GPU Power,2707 mW
E-Cluster HW active frequency,948 MHz
P-Cluster HW active frequency,1393 MHz
CPU Power,713 mW
GPU Power,2675 mW
GPU HW active frequency,809 MHz
GPU Power,2653 mW
E-Cluster HW active frequency,948 MHz
P-Cluster HW active frequency,1220 MHz
CPU Power,664 mW
GPU Power,2678 mW
GPU HW active frequency,807 MHz
GPU Power,2678 mW
E-Cluster HW active frequency,945 MHz
P-Cluster HW active frequency,1362 MHz
CPU Power,693 mW
GPU Power,2682 mW
GPU HW active frequency,810 MHz
GPU Power,2682 mW
E-Cluster HW active frequency,978 MHz
P-Cluster HW active frequency,1435 MHz
CPU Power,786 mW
GPU Power,2683 mW
GPU HW active frequency,815 MHz
GPU Power,2683 mW
E-Cluster HW active frequency,941 MHz
P-Cluster HW active frequency,1329 MHz
CPU Power,677 mW
GPU Power,2666 mW
GPU HW active frequency,812 MHz
GPU Power,2666 mW
E-Cluster HW active frequency,955 MHz
P-Cluster HW active frequency,1228 MHz
CPU Power,650 mW
GPU Power,2721 mW
GPU HW active frequency,811 MHz
GPU Power,2721 mW
E-Cluster HW active frequency,972 MHz
P-Cluster HW active frequency,1276 MHz
CPU Power,699 mW
GPU Power,2670 mW
GPU HW active frequency,813 MHz
GPU Power,2670 mW
E-Cluster HW active frequency,946 MHz
P-Cluster HW active frequency,1386 MHz
CPU Power,695 mW
GPU Power,2673 mW
GPU HW active frequency,812 MHz
GPU Power,2673 mW
E-Cluster HW active frequency,957 MHz
P-Cluster HW active frequency,1331 MHz
CPU Power,734 mW
GPU Power,2677 mW
GPU HW active frequency,811 MHz
GPU Power,2677 mW
E-Cluster HW active frequency,969 MHz
P-Cluster HW active frequency,1184 MHz
CPU Power,608 mW
GPU Power,2685 mW
GPU HW active frequency,809 MHz
GPU Power,2685 mW
E-Cluster HW active frequency,944 MHz
P-Cluster HW active frequency,1382 MHz
CPU Power,694 mW
GPU Power,2664 mW
GPU HW active frequency,808 MHz
GPU Power,2664 mW
E-Cluster HW active frequency,948 MHz
P-Cluster HW active frequency,1347 MHz
CPU Power,711 mW
GPU Power,2650 mW
GPU HW active frequency,809 MHz
GPU Power,2650 mW
E-Cluster HW active frequency,954 MHz
P-Cluster HW active frequency,1278 MHz
CPU Power,699 mW
GPU Power,2644 mW
GPU HW active frequency,809 MHz
GPU Power,2644 mW
E-Cluster HW active frequency,941 MHz
P-Cluster HW active frequency,1282 MHz
CPU Power,631 mW
GPU Power,2709 mW
GPU HW active frequency,810 MHz
GPU Power,2709 mW
E-Cluster HW active frequency,945 MHz
P-Cluster HW active frequency,1355 MHz
CPU Power,671 mW
GPU Power,2671 mW
GPU HW active frequency,812 MHz
GPU Power,2671 mW
E-Cluster HW active frequency,944 MHz
P-Cluster HW active frequency,1352 MHz
CPU Power,687 mW
GPU Power,2665 mW
GPU HW active frequency,812 MHz
GPU Power,2690 mW
E-Cluster HW active frequency,962 MHz
P-Cluster HW active frequency,1270 MHz
CPU Power,693 mW
GPU Power,2680 mW
GPU HW active frequency,810 MHz
GPU Power,2655 mW
E-Cluster HW active frequency,946 MHz
P-Cluster HW active frequency,1261 MHz
CPU Power,599 mW
GPU Power,2696 mW
GPU HW active frequency,811 MHz
GPU Power,2696 mW
E-Cluster HW active frequency,946 MHz
P-Cluster HW active frequency,1384 MHz
CPU Power,714 mW
GPU Power,2698 mW
GPU HW active frequency,813 MHz
GPU Power,2698 mW
E-Cluster HW active frequency,955 MHz
P-Cluster HW active frequency,1364 MHz
CPU Power,698 mW
GPU Power,2668 mW
GPU HW active frequency,813 MHz
GPU Power,2668 mW
E-Cluster HW active frequency,946 MHz
P-Cluster HW active frequency,1313 MHz
CPU Power,708 mW
GPU Power,2654 mW
GPU HW active frequency,811 MHz
GPU Power,2654 mW
E-Cluster HW active frequency,941 MHz
P-Cluster HW active frequency,1305 MHz
CPU Power,628 mW
GPU Power,2737 mW
GPU HW active frequency,813 MHz
GPU Power,2737 mW
E-Cluster HW active frequency,957 MHz
P-Cluster HW active frequency,1370 MHz
CPU Power,695 mW
GPU Power,2685 mW
GPU HW active frequency,815 MHz
GPU Power,2685 mW
E-Cluster HW active frequency,947 MHz
